gene_id	SRX118286	SRX1254413	SRX2536421	SRX2647167
ENSG00000000457	0	0	0	1
ENSG00000001460	0	1	0	0
ENSG00000001461	1	1	0	1
ENSG00000001617	1	1	0	0
ENSG00000001629	0	1	0	0
ENSG00000001631	0	1	0	1
ENSG00000002587	0	0	0	1
ENSG00000002822	0	1	1	1
ENSG00000003056	0	1	1	1
ENSG00000003096	0	1	0	0
ENSG00000003393	0	1	0	0
ENSG00000003402	0	1	1	1
ENSG00000003436	0	0	0	1
ENSG00000003756	0	1	0	0
ENSG00000004455	0	1	0	0
ENSG00000004478	0	1	0	0
ENSG00000004534	0	1	0	0
ENSG00000004700	1	1	0	1
ENSG00000004961	0	1	0	1
ENSG00000005100	0	1	0	0
ENSG00000005187	0	0	1	0
ENSG00000005194	0	0	0	1
ENSG00000005238	0	0	0	1
ENSG00000005249	0	1	1	0
ENSG00000005339	0	0	1	0
ENSG00000005483	1	0	1	1
ENSG00000005700	0	1	1	1
ENSG00000005812	0	1	0	1
ENSG00000005884	1	0	0	1
ENSG00000005889	1	0	1	1
ENSG00000005893	0	1	0	0
ENSG00000006042	0	1	0	0
ENSG00000006125	1	1	0	1
ENSG00000006194	0	0	1	1
ENSG00000006377	0	1	0	0
ENSG00000006451	0	0	0	1
ENSG00000006468	0	1	0	0
ENSG00000006607	0	1	0	0
ENSG00000006625	0	1	0	0
ENSG00000006634	0	1	0	1
ENSG00000006652	1	1	1	1
ENSG00000006712	0	0	1	1
ENSG00000006740	0	1	0	0
ENSG00000006831	0	0	0	1
ENSG00000007047	0	1	0	0
ENSG00000007168	0	1	0	1
ENSG00000007372	0	1	0	0
ENSG00000007541	0	1	0	0
ENSG00000008130	0	0	0	1
ENSG00000008394	0	0	1	0
ENSG00000008405	0	1	0	1
ENSG00000008513	1	1	0	1
ENSG00000008988	1	1	1	1
ENSG00000009307	1	1	1	0
ENSG00000009335	0	0	0	1
ENSG00000009413	0	1	1	0
ENSG00000009954	1	1	1	0
ENSG00000010072	0	1	0	0
ENSG00000010165	1	1	1	1
ENSG00000010244	0	1	1	0
ENSG00000010270	0	1	0	0
ENSG00000010278	0	0	0	1
ENSG00000010292	1	1	1	1
ENSG00000010318	0	1	0	0
ENSG00000010539	0	1	0	0
ENSG00000010626	0	1	1	0
ENSG00000010803	0	1	0	0
ENSG00000010810	0	1	0	0
ENSG00000010818	0	1	0	0
ENSG00000011258	0	1	0	0
ENSG00000011275	0	1	0	1
ENSG00000011405	0	1	0	0
ENSG00000011426	0	0	0	1
ENSG00000011523	0	1	0	0
ENSG00000011638	1	1	0	1
ENSG00000012048	0	0	0	1
ENSG00000012061	0	1	0	1
ENSG00000012232	0	1	0	0
ENSG00000012504	0	0	1	0
ENSG00000012660	1	0	0	0
ENSG00000012983	0	1	0	1
ENSG00000013306	0	1	0	1
ENSG00000013364	0	0	0	1
ENSG00000013375	0	1	0	0
ENSG00000013561	1	1	0	1
ENSG00000013563	1	1	0	1
ENSG00000013573	0	1	0	0
ENSG00000013588	0	1	0	0
ENSG00000014138	0	0	0	1
ENSG00000014216	0	1	0	0
ENSG00000014641	0	1	0	0
ENSG00000014824	1	1	1	0
ENSG00000015171	0	1	0	0
ENSG00000015475	0	1	0	0
ENSG00000015479	0	1	0	0
ENSG00000016391	0	1	0	0
ENSG00000016864	1	1	0	1
ENSG00000018408	1	1	0	0
ENSG00000018699	0	1	0	0
ENSG00000019549	0	0	0	1
ENSG00000020129	0	1	0	0
ENSG00000020922	0	1	0	1
ENSG00000022267	1	1	0	0
ENSG00000022277	0	1	0	1
ENSG00000022840	1	1	1	0
ENSG00000023041	1	1	1	1
ENSG00000023228	0	1	0	0
ENSG00000023287	0	0	0	1
ENSG00000023330	1	1	1	1
ENSG00000023734	0	1	0	0
ENSG00000024048	0	0	0	1
ENSG00000024526	0	1	0	1
ENSG00000025293	0	0	0	1
ENSG00000025423	0	1	0	0
ENSG00000025796	1	0	0	0
ENSG00000026297	1	0	0	1
ENSG00000026559	0	1	0	0
ENSG00000026652	0	1	0	0
ENSG00000026950	0	1	0	0
ENSG00000027075	0	1	0	1
ENSG00000028839	0	1	1	0
ENSG00000029363	0	1	0	0
ENSG00000029364	1	1	1	1
ENSG00000029725	0	1	0	1
ENSG00000030110	1	1	0	1
ENSG00000030582	1	1	0	0
ENSG00000031003	1	1	1	0
ENSG00000031691	0	1	0	0
ENSG00000032389	0	1	0	1
ENSG00000032742	0	1	0	0
ENSG00000033100	0	1	0	0
ENSG00000033170	1	1	1	1
ENSG00000033627	0	1	0	0
ENSG00000034152	0	1	0	0
ENSG00000034533	0	1	0	0
ENSG00000034677	0	1	0	0
ENSG00000034693	0	1	0	0
ENSG00000035928	0	1	0	0
ENSG00000036257	0	1	0	1
ENSG00000036549	0	1	0	0
ENSG00000037042	0	1	0	0
ENSG00000037749	0	1	0	0
ENSG00000038274	0	1	0	0
ENSG00000038358	0	1	0	1
ENSG00000038427	0	1	0	1
ENSG00000039123	0	0	0	1
ENSG00000039319	0	1	0	1
ENSG00000040275	0	1	1	1
ENSG00000040531	0	1	1	1
ENSG00000040933	0	0	1	0
ENSG00000041357	0	0	1	0
ENSG00000041880	0	1	0	0
ENSG00000041982	0	0	0	1
ENSG00000042088	0	1	0	0
ENSG00000042429	0	0	0	1
ENSG00000043143	1	1	0	0
ENSG00000043355	0	1	0	0
ENSG00000044115	0	0	0	1
ENSG00000046647	0	1	0	0
ENSG00000046651	0	0	0	1
ENSG00000047056	0	1	0	0
ENSG00000047249	0	0	0	1
ENSG00000047346	0	1	0	0
ENSG00000047634	0	1	0	1
ENSG00000047644	0	0	0	1
ENSG00000047932	0	0	0	1
ENSG00000048162	0	1	0	1
ENSG00000048405	1	1	1	0
ENSG00000048828	0	1	0	0
ENSG00000048991	1	1	1	0
ENSG00000049130	1	1	0	1
ENSG00000049283	0	0	0	1
ENSG00000049618	0	1	0	0
ENSG00000049759	0	0	0	1
ENSG00000050393	0	1	0	0
ENSG00000050748	0	1	0	1
ENSG00000051108	0	0	0	1
ENSG00000051128	1	0	0	0
ENSG00000051180	1	0	1	0
ENSG00000051382	0	1	0	0
ENSG00000051825	0	1	1	1
ENSG00000052344	0	0	0	1
ENSG00000052802	0	1	0	0
ENSG00000053372	0	1	0	0
ENSG00000053770	1	1	0	1
ENSG00000054116	0	1	0	0
ENSG00000054118	0	1	0	1
ENSG00000054148	0	1	0	0
ENSG00000054267	0	1	0	1
ENSG00000054277	0	1	0	0
ENSG00000054611	0	1	0	0
ENSG00000054654	0	1	0	0
ENSG00000054965	0	1	0	1
ENSG00000055044	0	0	0	1
ENSG00000055130	1	1	0	1
ENSG00000055208	1	0	1	0
ENSG00000055332	0	1	0	0
ENSG00000055483	0	1	1	1
ENSG00000055609	0	1	0	0
ENSG00000055917	1	1	0	0
ENSG00000056586	0	1	0	0
ENSG00000056998	0	0	0	1
ENSG00000057019	0	1	0	0
ENSG00000057252	0	0	0	1
ENSG00000057663	1	1	0	0
ENSG00000058056	0	1	0	0
ENSG00000058063	0	1	0	0
ENSG00000058272	0	1	0	0
ENSG00000058668	0	1	0	1
ENSG00000058673	1	1	1	1
ENSG00000058799	1	0	1	0
ENSG00000058804	1	0	0	0
ENSG00000059122	0	0	1	1
ENSG00000059377	1	0	0	0
ENSG00000059573	0	0	0	1
ENSG00000059728	1	1	1	1
ENSG00000059758	0	1	0	0
ENSG00000060140	0	0	0	1
ENSG00000060237	0	1	1	0
ENSG00000060339	0	0	0	1
ENSG00000060749	0	1	0	0
ENSG00000060971	0	1	0	1
ENSG00000060982	0	1	0	0
ENSG00000061676	0	1	0	1
ENSG00000061936	1	0	0	0
ENSG00000061938	0	1	0	0
ENSG00000061987	0	1	0	1
ENSG00000062194	1	1	1	1
ENSG00000062282	0	0	0	1
ENSG00000062598	0	1	0	0
ENSG00000062650	0	1	0	1
ENSG00000062716	0	1	0	1
ENSG00000063169	0	1	0	0
ENSG00000063176	0	1	0	0
ENSG00000063177	0	1	0	0
ENSG00000063180	0	1	0	1
ENSG00000063241	0	0	0	1
ENSG00000063244	1	1	1	1
ENSG00000063245	0	1	0	0
ENSG00000063978	1	1	1	1
ENSG00000064012	1	1	0	0
ENSG00000064102	0	1	0	1
ENSG00000064115	0	1	0	1
ENSG00000064309	0	1	0	0
ENSG00000064313	1	1	1	1
ENSG00000064393	0	0	1	0
ENSG00000064419	1	1	1	1
ENSG00000064490	1	1	0	0
ENSG00000064726	0	1	0	0
ENSG00000064763	0	1	0	0
ENSG00000064787	0	0	0	1
ENSG00000065029	0	1	1	0
ENSG00000065243	0	1	0	1
ENSG00000065328	0	0	0	1
ENSG00000065357	0	1	0	1
ENSG00000065361	0	1	0	0
ENSG00000065457	1	1	1	0
ENSG00000065526	0	1	0	0
ENSG00000065613	0	1	0	1
ENSG00000065618	0	0	0	1
ENSG00000065833	0	1	0	0
ENSG00000065882	0	1	0	0
ENSG00000065883	0	0	0	1
ENSG00000065970	1	1	0	1
ENSG00000066027	0	1	0	0
ENSG00000066135	0	1	0	1
ENSG00000066136	0	0	1	0
ENSG00000066248	0	0	1	0
ENSG00000066322	0	0	0	1
ENSG00000066422	0	0	0	1
ENSG00000066468	0	1	0	0
ENSG00000066855	1	1	1	1
ENSG00000066933	0	1	0	0
ENSG00000067082	0	1	0	1
ENSG00000067113	0	1	0	0
ENSG00000067167	1	1	1	1
ENSG00000067182	1	1	1	1
ENSG00000067225	1	1	1	1
ENSG00000067365	0	1	0	0
ENSG00000067560	1	1	1	0
ENSG00000067900	0	1	1	0
ENSG00000067955	0	1	0	0
ENSG00000067992	0	1	0	0
ENSG00000068001	0	1	1	0
ENSG00000068024	0	1	0	0
ENSG00000068079	1	0	0	1
ENSG00000068120	1	0	0	1
ENSG00000068305	0	1	0	0
ENSG00000068308	0	1	0	0
ENSG00000068366	1	1	0	1
ENSG00000068383	0	1	0	0
ENSG00000068438	1	1	1	1
ENSG00000068489	1	1	0	1
ENSG00000068654	0	1	0	0
ENSG00000068697	1	0	0	0
ENSG00000068745	0	1	0	1
ENSG00000068885	0	1	0	0
ENSG00000068903	0	1	0	0
ENSG00000068971	0	1	0	0
ENSG00000069011	0	1	0	1
ENSG00000069020	0	1	0	0
ENSG00000069275	0	0	0	1
ENSG00000069702	0	1	1	0
ENSG00000069849	0	1	0	0
ENSG00000069943	0	1	0	0
ENSG00000069956	1	1	1	1
ENSG00000069974	0	0	1	1
ENSG00000070018	0	0	1	0
ENSG00000070061	0	1	0	1
ENSG00000070081	0	1	0	1
ENSG00000070214	0	0	0	1
ENSG00000070367	0	1	0	1
ENSG00000070413	0	0	0	1
ENSG00000070610	0	1	0	0
ENSG00000070614	0	1	1	0
ENSG00000070669	0	1	0	1
ENSG00000070718	0	1	0	0
ENSG00000070756	1	0	1	1
ENSG00000070759	0	1	0	0
ENSG00000070761	1	1	0	1
ENSG00000070831	0	1	0	0
ENSG00000070882	0	1	0	0
ENSG00000070961	1	1	1	1
ENSG00000071051	0	1	0	0
ENSG00000071082	0	1	1	0
ENSG00000071127	0	0	0	1
ENSG00000071189	0	1	1	1
ENSG00000071243	0	1	0	1
ENSG00000071246	0	1	0	0
ENSG00000071537	1	0	0	1
ENSG00000071575	0	1	0	1
ENSG00000071626	0	1	0	0
ENSG00000071794	0	1	0	0
ENSG00000071889	1	1	1	0
ENSG00000072041	0	1	0	1
ENSG00000072071	0	1	0	0
ENSG00000072134	1	0	0	0
ENSG00000072364	0	1	0	0
ENSG00000072415	1	1	0	0
ENSG00000072518	0	1	0	1
ENSG00000072736	0	1	0	0
ENSG00000072756	0	1	0	0
ENSG00000072803	0	1	0	0
ENSG00000073008	0	1	0	1
ENSG00000073331	0	1	0	0
ENSG00000073464	1	0	0	0
ENSG00000073584	0	1	0	0
ENSG00000073614	0	1	0	1
ENSG00000073711	0	0	0	1
ENSG00000073712	0	1	0	1
ENSG00000073803	0	1	1	0
ENSG00000073849	0	1	1	0
ENSG00000073921	0	1	1	0
ENSG00000074054	0	1	0	1
ENSG00000074266	0	1	0	1
ENSG00000074319	0	0	1	1
ENSG00000074527	0	1	0	1
ENSG00000074582	0	1	0	1
ENSG00000074590	0	1	1	0
ENSG00000074603	0	0	1	0
ENSG00000074696	0	1	0	0
ENSG00000074800	1	1	0	1
ENSG00000075188	0	1	0	0
ENSG00000075213	0	1	0	1
ENSG00000075223	1	0	0	0
ENSG00000075303	1	1	1	1
ENSG00000075336	0	1	0	1
ENSG00000075340	0	1	0	0
ENSG00000075391	0	1	0	0
ENSG00000075407	0	1	0	0
ENSG00000075413	0	1	0	0
ENSG00000075415	0	0	0	1
ENSG00000075539	0	1	0	0
ENSG00000075711	0	1	1	0
ENSG00000075785	0	1	0	1
ENSG00000075945	0	1	0	0
ENSG00000076043	0	1	0	0
ENSG00000076053	0	1	0	0
ENSG00000076356	0	1	0	1
ENSG00000076382	0	1	1	1
ENSG00000076641	0	1	0	1
ENSG00000076685	0	0	0	1
ENSG00000076770	0	1	0	0
ENSG00000077097	0	1	0	0
ENSG00000077147	0	0	0	1
ENSG00000077150	0	0	0	1
ENSG00000077232	0	1	1	1
ENSG00000077254	0	1	1	1
ENSG00000077312	0	1	0	1
ENSG00000077458	0	1	0	0
ENSG00000077585	0	1	0	0
ENSG00000077943	0	1	0	0
ENSG00000078061	0	0	1	0
ENSG00000078140	0	0	1	1
ENSG00000078177	0	1	0	1
ENSG00000078369	0	1	0	1
ENSG00000078399	0	1	0	0
ENSG00000078403	0	1	0	0
ENSG00000078618	1	1	0	1
ENSG00000078668	1	1	1	1
ENSG00000078674	0	1	0	0
ENSG00000079156	1	1	0	0
ENSG00000079215	0	1	0	0
ENSG00000079246	0	1	0	0
ENSG00000079257	0	0	0	1
ENSG00000079332	1	1	0	0
ENSG00000079387	0	1	0	0
ENSG00000079462	0	1	1	0
ENSG00000079482	0	1	0	0
ENSG00000079805	0	1	0	0
ENSG00000079950	0	0	0	1
ENSG00000080189	0	1	0	1
ENSG00000080298	0	1	0	0
ENSG00000080371	0	0	1	1
ENSG00000080546	0	1	0	0
ENSG00000080603	0	1	0	0
ENSG00000080802	0	1	0	0
ENSG00000080815	1	1	0	1
ENSG00000080819	0	0	1	1
ENSG00000080986	1	1	1	1
ENSG00000081177	1	1	0	0
ENSG00000081189	0	1	0	0
ENSG00000081307	0	1	1	1
ENSG00000081320	0	0	0	1
ENSG00000081377	0	1	1	0
ENSG00000081870	0	0	1	1
ENSG00000082212	0	1	0	1
ENSG00000082269	0	1	0	0
ENSG00000082397	0	1	0	0
ENSG00000082641	1	1	1	1
ENSG00000082701	0	1	0	0
ENSG00000082781	0	0	1	0
ENSG00000082898	1	1	1	1
ENSG00000082996	1	0	0	1
ENSG00000083097	0	1	0	0
ENSG00000083168	0	1	1	0
ENSG00000083520	0	1	0	0
ENSG00000083535	0	1	0	0
ENSG00000083799	0	1	0	0
ENSG00000083844	0	1	0	0
ENSG00000083845	1	0	0	0
ENSG00000083937	0	0	0	1
ENSG00000084073	0	0	0	1
ENSG00000084090	1	1	1	1
ENSG00000084234	0	1	1	1
ENSG00000084652	0	1	0	0
ENSG00000084731	0	1	0	0
ENSG00000084733	1	1	1	1
ENSG00000085063	1	1	0	0
ENSG00000085224	0	1	0	0
ENSG00000085274	0	1	0	0
ENSG00000085377	0	1	0	0
ENSG00000085382	0	1	0	0
ENSG00000085491	0	1	0	0
ENSG00000085511	0	1	0	0
ENSG00000085644	0	1	0	0
ENSG00000085719	1	1	0	1
ENSG00000085733	0	0	1	0
ENSG00000085741	0	1	0	0
ENSG00000085760	1	1	1	1
ENSG00000085788	0	1	1	0
ENSG00000085840	0	1	0	1
ENSG00000085998	0	1	0	0
ENSG00000085999	0	1	0	1
ENSG00000086062	0	0	1	0
ENSG00000086065	0	0	0	1
ENSG00000086289	0	0	0	1
ENSG00000086548	0	0	0	1
ENSG00000086696	0	0	1	0
ENSG00000086758	1	1	1	0
ENSG00000087053	0	1	0	0
ENSG00000087074	1	1	1	1
ENSG00000087087	0	1	0	0
ENSG00000087095	1	1	0	0
ENSG00000087152	0	1	0	0
ENSG00000087191	0	1	0	1
ENSG00000087258	0	1	0	0
ENSG00000087263	0	1	0	0
ENSG00000087299	0	1	0	0
ENSG00000087301	1	1	0	0
ENSG00000087338	1	0	0	0
ENSG00000087448	0	1	0	0
ENSG00000087460	1	1	0	0
ENSG00000087502	0	1	0	0
ENSG00000087510	0	0	0	1
ENSG00000087586	0	1	1	1
ENSG00000087842	0	0	1	1
ENSG00000087903	0	0	0	1
ENSG00000088035	0	1	0	1
ENSG00000088179	0	0	0	1
ENSG00000088325	1	1	1	1
ENSG00000088727	0	1	0	0
ENSG00000088766	1	1	1	0
ENSG00000088826	0	0	0	1
ENSG00000088876	0	1	0	1
ENSG00000088888	0	1	0	0
ENSG00000088899	0	0	1	0
ENSG00000088986	1	1	0	0
ENSG00000088992	0	1	0	0
ENSG00000089009	0	1	1	1
ENSG00000089022	0	1	1	0
ENSG00000089057	0	1	0	0
ENSG00000089060	1	0	0	0
ENSG00000089157	1	1	1	1
ENSG00000089159	0	0	0	1
ENSG00000089220	0	1	0	0
ENSG00000089234	0	1	0	1
ENSG00000089289	0	1	0	0
ENSG00000089327	0	1	0	1
ENSG00000089335	0	1	0	0
ENSG00000089486	0	1	0	0
ENSG00000089693	0	1	1	1
ENSG00000089876	1	1	0	0
ENSG00000090020	0	1	0	1
ENSG00000090061	0	1	1	1
ENSG00000090097	0	1	1	0
ENSG00000090447	0	1	0	1
ENSG00000090487	0	1	0	1
ENSG00000090520	0	1	1	1
ENSG00000090612	0	1	0	0
ENSG00000090615	1	1	1	1
ENSG00000090621	1	0	1	0
ENSG00000090776	0	1	0	0
ENSG00000090857	0	0	1	0
ENSG00000090924	0	1	1	0
ENSG00000090989	0	0	0	1
ENSG00000091009	0	0	0	1
ENSG00000091039	1	1	0	1
ENSG00000091127	0	0	1	0
ENSG00000091129	0	1	0	0
ENSG00000091140	0	0	0	1
ENSG00000091409	0	0	0	1
ENSG00000091542	0	1	0	0
ENSG00000091656	1	0	0	0
ENSG00000091986	0	0	1	0
ENSG00000092020	0	1	0	0
ENSG00000092036	0	1	0	1
ENSG00000092094	0	0	0	1
ENSG00000092098	0	1	0	1
ENSG00000092148	1	1	1	0
ENSG00000092199	1	1	1	0
ENSG00000092201	0	1	0	0
ENSG00000092330	0	1	1	1
ENSG00000092421	0	1	1	0
ENSG00000092439	0	1	1	0
ENSG00000092531	0	1	0	0
ENSG00000092820	0	1	1	1
ENSG00000092847	0	1	0	0
ENSG00000092871	0	1	1	0
ENSG00000092931	0	1	1	1
ENSG00000092964	0	1	0	0
ENSG00000092969	0	0	0	1
ENSG00000092978	0	1	0	0
ENSG00000093000	0	1	1	1
ENSG00000093010	1	1	1	0
ENSG00000093144	0	1	0	0
ENSG00000093167	1	0	1	1
ENSG00000093183	0	0	0	1
ENSG00000094804	1	1	0	1
ENSG00000094916	0	1	0	0
ENSG00000095059	0	1	0	0
ENSG00000095203	0	1	0	1
ENSG00000095539	0	0	1	0
ENSG00000095574	0	1	1	0
ENSG00000095739	0	1	1	1
ENSG00000095787	0	1	1	0
ENSG00000095794	1	1	1	0
ENSG00000096092	0	1	0	1
ENSG00000096401	0	1	0	0
ENSG00000096654	0	1	0	0
ENSG00000096746	0	1	0	1
ENSG00000097007	0	1	0	0
ENSG00000099194	0	1	0	1
ENSG00000099250	1	1	1	1
ENSG00000099260	0	0	1	1
ENSG00000099282	0	0	0	1
ENSG00000099326	0	1	0	0
ENSG00000099364	0	1	0	0
ENSG00000099381	0	1	0	0
ENSG00000099622	0	0	0	1
ENSG00000099797	0	1	0	0
ENSG00000099812	0	0	0	1
ENSG00000099860	0	1	1	0
ENSG00000099866	0	1	0	0
ENSG00000099889	0	1	0	0
ENSG00000099899	0	1	0	0
ENSG00000099942	0	0	0	1
ENSG00000099991	0	1	0	0
ENSG00000099995	0	1	0	1
ENSG00000100028	0	1	0	0
ENSG00000100038	0	1	0	0
ENSG00000100065	0	1	1	0
ENSG00000100083	0	1	0	0
ENSG00000100099	0	1	1	0
ENSG00000100105	0	1	0	1
ENSG00000100109	1	1	1	1
ENSG00000100142	0	1	0	0
ENSG00000100162	0	0	0	1
ENSG00000100201	0	1	0	0
ENSG00000100211	0	1	0	0
ENSG00000100221	0	1	0	1
ENSG00000100225	0	1	0	0
ENSG00000100239	0	1	1	0
ENSG00000100241	0	1	1	0
ENSG00000100246	0	1	0	0
ENSG00000100263	1	1	1	0
ENSG00000100266	0	1	0	1
ENSG00000100296	0	1	1	0
ENSG00000100297	0	0	0	1
ENSG00000100299	0	1	0	0
ENSG00000100311	1	0	0	0
ENSG00000100330	0	1	1	0
ENSG00000100335	1	1	1	0
ENSG00000100345	0	1	1	0
ENSG00000100348	0	1	0	0
ENSG00000100350	0	1	0	0
ENSG00000100353	0	1	0	1
ENSG00000100354	0	1	0	0
ENSG00000100359	0	1	1	1
ENSG00000100360	0	1	0	0
ENSG00000100380	0	1	0	0
ENSG00000100393	1	1	0	1
ENSG00000100401	1	1	1	0
ENSG00000100403	0	0	1	0
ENSG00000100426	0	1	1	0
ENSG00000100441	0	0	1	0
ENSG00000100461	0	1	0	1
ENSG00000100473	0	1	0	0
ENSG00000100478	0	1	0	0
ENSG00000100522	0	1	0	1
ENSG00000100568	0	1	0	0
ENSG00000100575	1	1	1	0
ENSG00000100577	0	1	0	0
ENSG00000100591	1	0	1	1
ENSG00000100592	0	1	0	0
ENSG00000100600	0	0	0	1
ENSG00000100632	0	1	0	1
ENSG00000100644	1	0	1	0
ENSG00000100650	1	1	1	1
ENSG00000100664	1	1	1	1
ENSG00000100697	0	1	1	0
ENSG00000100731	0	1	1	0
ENSG00000100749	0	0	0	1
ENSG00000100796	1	1	1	0
ENSG00000100802	0	1	0	0
ENSG00000100814	1	1	1	1
ENSG00000100815	1	1	0	1
ENSG00000100823	1	1	0	0
ENSG00000100883	0	0	1	1
ENSG00000100890	1	1	1	1
ENSG00000100897	0	1	1	1
ENSG00000100908	1	0	0	0
ENSG00000100911	0	1	0	1
ENSG00000100926	1	1	0	0
ENSG00000100934	1	1	0	1
ENSG00000100938	0	1	0	0
ENSG00000100949	0	1	0	1
ENSG00000100982	0	1	0	1
ENSG00000101057	0	1	1	0
ENSG00000101084	0	1	0	1
ENSG00000101126	0	1	1	1
ENSG00000101132	0	1	0	0
ENSG00000101138	0	1	0	0
ENSG00000101144	0	1	0	0
ENSG00000101152	0	0	0	1
ENSG00000101161	0	0	0	1
ENSG00000101182	0	1	0	1
ENSG00000101187	0	1	0	1
ENSG00000101191	0	1	1	1
ENSG00000101193	0	0	1	1
ENSG00000101220	0	1	1	0
ENSG00000101255	0	1	1	0
ENSG00000101265	0	1	0	0
ENSG00000101266	0	1	0	0
ENSG00000101290	0	1	0	0
ENSG00000101310	1	1	0	1
ENSG00000101311	1	0	0	1
ENSG00000101333	1	0	0	0
ENSG00000101349	0	0	1	0
ENSG00000101350	0	1	1	0
ENSG00000101363	0	1	0	1
ENSG00000101384	1	0	0	1
ENSG00000101407	0	1	0	0
ENSG00000101412	0	0	1	0
ENSG00000101413	0	1	0	0
ENSG00000101473	0	1	0	0
ENSG00000101557	0	1	0	0
ENSG00000101558	0	1	0	1
ENSG00000101574	1	1	1	0
ENSG00000101596	0	1	0	0
ENSG00000101608	1	0	1	1
ENSG00000101654	0	1	0	0
ENSG00000101695	0	1	0	0
ENSG00000101745	0	1	0	1
ENSG00000101773	0	1	0	0
ENSG00000101849	0	1	1	1
ENSG00000101871	1	1	1	1
ENSG00000101966	0	1	0	0
ENSG00000101972	1	1	0	1
ENSG00000101974	0	1	0	0
ENSG00000101986	0	0	1	0
ENSG00000102024	1	1	0	0
ENSG00000102030	0	1	0	0
ENSG00000102034	0	1	0	0
ENSG00000102054	1	0	0	0
ENSG00000102096	0	1	0	0
ENSG00000102103	1	1	0	0
ENSG00000102119	0	1	1	1
ENSG00000102125	0	1	0	0
ENSG00000102144	0	1	0	1
ENSG00000102218	0	1	0	0
ENSG00000102225	1	1	0	0
ENSG00000102241	0	1	0	0
ENSG00000102316	0	1	0	0
ENSG00000102384	1	1	0	0
ENSG00000102401	1	1	0	0
ENSG00000102531	0	1	0	1
ENSG00000102554	0	0	1	1
ENSG00000102572	0	1	0	0
ENSG00000102678	0	1	0	0
ENSG00000102710	0	1	0	0
ENSG00000102743	0	1	0	0
ENSG00000102786	0	1	0	0
ENSG00000102897	0	1	0	0
ENSG00000102898	0	1	0	0
ENSG00000102921	0	1	0	0
ENSG00000102931	0	1	0	1
ENSG00000102974	1	1	0	1
ENSG00000102984	0	1	0	0
ENSG00000102996	0	1	1	0
ENSG00000103024	0	1	0	0
ENSG00000103042	0	1	0	0
ENSG00000103043	0	1	1	1
ENSG00000103064	1	1	1	0
ENSG00000103111	0	1	0	0
ENSG00000103121	1	0	1	0
ENSG00000103126	0	1	0	0
ENSG00000103145	0	1	0	1
ENSG00000103160	0	0	0	1
ENSG00000103194	0	0	1	0
ENSG00000103199	0	1	0	0
ENSG00000103202	0	1	0	0
ENSG00000103275	0	1	1	0
ENSG00000103319	0	0	0	1
ENSG00000103326	0	1	0	0
ENSG00000103342	1	0	0	0
ENSG00000103343	0	0	0	1
ENSG00000103460	0	1	0	0
ENSG00000103502	1	1	1	1
ENSG00000103507	0	0	0	1
ENSG00000103528	0	0	0	1
ENSG00000103534	0	1	0	1
ENSG00000103540	0	1	0	0
ENSG00000103549	0	1	0	0
ENSG00000103653	0	1	1	1
ENSG00000103657	0	1	0	0
ENSG00000103852	1	1	0	0
ENSG00000103855	0	1	0	0
ENSG00000104047	0	1	0	0
ENSG00000104064	0	1	0	1
ENSG00000104142	1	1	0	1
ENSG00000104154	0	1	0	0
ENSG00000104205	0	1	0	0
ENSG00000104219	0	1	0	0
ENSG00000104231	1	0	0	0
ENSG00000104290	0	1	1	0
ENSG00000104312	0	1	0	1
ENSG00000104320	0	1	0	0
ENSG00000104321	0	0	0	1
ENSG00000104331	0	1	1	0
ENSG00000104368	1	1	0	0
ENSG00000104388	0	0	0	1
ENSG00000104442	0	1	0	1
ENSG00000104447	0	0	0	1
ENSG00000104517	1	1	0	0
ENSG00000104626	0	1	0	0
ENSG00000104635	0	1	1	0
ENSG00000104643	0	1	0	0
ENSG00000104760	0	0	1	0
ENSG00000104763	0	1	0	0
ENSG00000104783	0	0	0	1
ENSG00000104852	1	0	1	1
ENSG00000104866	0	1	0	1
ENSG00000104872	1	1	1	1
ENSG00000104886	0	1	0	0
ENSG00000104889	0	1	0	0
ENSG00000104897	0	1	1	1
ENSG00000104915	1	1	0	0
ENSG00000104936	0	0	0	1
ENSG00000104946	0	1	0	0
ENSG00000104951	1	1	0	0
ENSG00000104957	1	1	1	0
ENSG00000105053	1	1	1	0
ENSG00000105063	1	0	1	0
ENSG00000105135	0	1	0	1
ENSG00000105186	0	1	0	0
ENSG00000105204	0	1	0	1
ENSG00000105221	0	1	1	1
ENSG00000105223	0	1	1	1
ENSG00000105254	0	1	0	0
ENSG00000105255	0	1	0	0
ENSG00000105258	1	1	1	1
ENSG00000105281	0	1	1	1
ENSG00000105287	0	1	1	1
ENSG00000105329	0	0	0	1
ENSG00000105355	0	0	0	1
ENSG00000105364	0	1	0	0
ENSG00000105372	1	1	0	0
ENSG00000105393	0	1	0	0
ENSG00000105397	1	1	1	1
ENSG00000105402	0	1	0	1
ENSG00000105429	0	1	0	0
ENSG00000105443	0	1	1	1
ENSG00000105483	0	1	1	0
ENSG00000105486	0	1	1	1
ENSG00000105514	0	0	0	1
ENSG00000105516	0	1	1	0
ENSG00000105518	0	1	0	1
ENSG00000105520	0	1	1	1
ENSG00000105576	0	1	1	0
ENSG00000105607	0	1	0	0
ENSG00000105647	0	0	0	1
ENSG00000105655	0	1	0	0
ENSG00000105676	1	1	0	1
ENSG00000105699	0	1	0	1
ENSG00000105701	0	1	0	0
ENSG00000105738	0	1	0	1
ENSG00000105771	0	1	0	0
ENSG00000105778	0	0	0	1
ENSG00000105792	0	1	0	0
ENSG00000105810	0	1	0	1
ENSG00000105821	0	1	1	1
ENSG00000105865	0	1	0	0
ENSG00000105879	0	0	0	1
ENSG00000105887	0	1	0	1
ENSG00000105926	0	1	1	1
ENSG00000105974	0	0	0	1
ENSG00000105976	1	0	0	1
ENSG00000105983	0	0	1	0
ENSG00000105997	0	1	1	0
ENSG00000106013	0	1	0	0
ENSG00000106025	0	1	0	1
ENSG00000106028	0	1	0	0
ENSG00000106070	0	1	0	0
ENSG00000106078	0	0	0	1
ENSG00000106086	0	1	0	1
ENSG00000106100	0	1	0	0
ENSG00000106236	0	1	0	0
ENSG00000106244	0	0	0	1
ENSG00000106245	1	1	1	1
ENSG00000106246	0	1	0	0
ENSG00000106261	0	1	0	1
ENSG00000106268	0	1	0	0
ENSG00000106299	0	1	0	1
ENSG00000106330	0	1	0	0
ENSG00000106355	0	1	0	0
ENSG00000106366	1	0	0	0
ENSG00000106443	0	0	0	1
ENSG00000106460	0	0	0	1
ENSG00000106462	0	1	1	1
ENSG00000106546	1	1	1	1
ENSG00000106603	1	1	1	1
ENSG00000106605	0	0	0	1
ENSG00000106615	1	1	1	0
ENSG00000106617	0	1	0	0
ENSG00000106665	1	0	0	0
ENSG00000106692	0	1	0	1
ENSG00000106723	0	0	1	1
ENSG00000106733	0	1	0	0
ENSG00000106829	0	1	0	0
ENSG00000107077	0	1	0	0
ENSG00000107104	0	1	0	0
ENSG00000107140	0	1	0	0
ENSG00000107175	0	1	1	0
ENSG00000107290	0	1	0	1
ENSG00000107338	0	0	1	0
ENSG00000107372	0	1	1	0
ENSG00000107443	0	1	0	0
ENSG00000107485	0	1	0	1
ENSG00000107521	0	0	0	1
ENSG00000107560	0	1	0	0
ENSG00000107566	0	0	1	0
ENSG00000107643	0	1	1	1
ENSG00000107719	0	1	0	0
ENSG00000107758	0	1	0	0
ENSG00000107779	0	1	0	0
ENSG00000107796	0	1	0	0
ENSG00000107807	0	1	0	0
ENSG00000107815	0	1	0	0
ENSG00000107816	0	1	1	0
ENSG00000107819	0	1	0	1
ENSG00000107829	0	0	1	0
ENSG00000107854	0	0	0	1
ENSG00000107863	0	1	0	0
ENSG00000107897	0	1	0	0
ENSG00000107929	0	1	1	0
ENSG00000107960	0	1	0	1
ENSG00000107968	0	0	1	0
ENSG00000107984	1	0	0	1
ENSG00000108021	0	1	1	1
ENSG00000108061	0	0	0	1
ENSG00000108094	0	1	0	0
ENSG00000108107	0	1	0	0
ENSG00000108175	1	1	1	1
ENSG00000108176	0	1	0	1
ENSG00000108306	0	0	1	0
ENSG00000108312	1	1	1	0
ENSG00000108344	0	0	1	1
ENSG00000108349	0	1	1	0
ENSG00000108375	0	1	0	0
ENSG00000108395	0	1	0	1
ENSG00000108423	0	1	0	1
ENSG00000108424	0	1	1	0
ENSG00000108448	0	1	0	1
ENSG00000108468	0	1	0	0
ENSG00000108469	0	1	0	0
ENSG00000108511	0	1	0	1
ENSG00000108523	1	1	0	1
ENSG00000108528	0	1	0	1
ENSG00000108557	0	1	0	0
ENSG00000108559	0	1	0	0
ENSG00000108588	0	1	1	0
ENSG00000108592	0	1	0	1
ENSG00000108599	0	1	0	0
ENSG00000108604	0	1	0	1
ENSG00000108654	1	1	0	1
ENSG00000108679	0	0	0	1
ENSG00000108733	0	1	0	0
ENSG00000108774	0	1	0	1
ENSG00000108829	1	0	1	1
ENSG00000108840	0	1	0	0
ENSG00000108946	1	1	1	1
ENSG00000108947	0	1	0	0
ENSG00000108961	0	1	0	1
ENSG00000108984	0	0	0	1
ENSG00000109046	0	1	0	1
ENSG00000109066	0	1	0	0
ENSG00000109072	0	0	1	0
ENSG00000109079	0	1	1	0
ENSG00000109083	0	1	0	0
ENSG00000109089	0	1	0	0
ENSG00000109111	0	1	1	1
ENSG00000109133	1	1	1	1
ENSG00000109171	0	1	0	0
ENSG00000109180	1	1	1	1
ENSG00000109189	0	1	0	0
ENSG00000109220	0	1	0	1
ENSG00000109255	0	1	0	1
ENSG00000109270	0	1	0	0
ENSG00000109332	0	1	0	0
ENSG00000109381	0	1	1	0
ENSG00000109390	0	1	0	0
ENSG00000109445	0	1	0	1
ENSG00000109458	0	1	0	0
ENSG00000109472	0	0	0	1
ENSG00000109475	0	1	1	1
ENSG00000109511	0	0	0	1
ENSG00000109534	0	0	0	1
ENSG00000109572	0	1	1	1
ENSG00000109606	0	1	0	1
ENSG00000109670	0	1	0	0
ENSG00000109689	0	1	0	0
ENSG00000109814	0	1	1	1
ENSG00000110011	0	0	1	0
ENSG00000110066	0	1	1	0
ENSG00000110075	1	1	1	0
ENSG00000110107	1	1	1	1
ENSG00000110108	0	1	1	0
ENSG00000110200	0	1	1	0
ENSG00000110218	1	0	1	0
ENSG00000110237	0	0	0	1
ENSG00000110315	0	1	0	0
ENSG00000110321	1	1	1	1
ENSG00000110328	1	1	0	0
ENSG00000110330	1	1	0	1
ENSG00000110344	0	0	0	1
ENSG00000110367	1	1	1	1
ENSG00000110400	0	1	0	0
ENSG00000110422	0	1	0	0
ENSG00000110492	0	1	0	0
ENSG00000110497	0	1	0	0
ENSG00000110514	0	1	0	0
ENSG00000110660	0	1	0	1
ENSG00000110696	0	1	0	0
ENSG00000110697	0	0	1	0
ENSG00000110713	0	1	0	0
ENSG00000110768	0	1	1	1
ENSG00000110841	1	0	0	1
ENSG00000110851	0	1	1	0
ENSG00000110917	1	1	1	1
ENSG00000110925	0	0	1	0
ENSG00000110931	0	1	0	1
ENSG00000110958	1	0	0	0
ENSG00000110987	0	1	0	0
ENSG00000111145	1	0	0	0
ENSG00000111186	0	1	0	0
ENSG00000111206	0	1	0	0
ENSG00000111229	0	0	0	1
ENSG00000111252	0	1	0	0
ENSG00000111261	0	1	0	0
ENSG00000111266	0	1	0	0
ENSG00000111269	0	1	0	0
ENSG00000111271	0	1	0	0
ENSG00000111300	0	1	0	0
ENSG00000111325	0	1	1	0
ENSG00000111328	0	1	0	0
ENSG00000111371	1	1	1	1
ENSG00000111445	0	0	0	1
ENSG00000111530	0	1	0	1
ENSG00000111540	0	1	0	0
ENSG00000111596	1	1	0	1
ENSG00000111639	1	1	1	1
ENSG00000111647	0	1	1	0
ENSG00000111652	0	1	0	1
ENSG00000111665	0	1	1	1
ENSG00000111670	0	1	0	0
ENSG00000111678	0	1	1	0
ENSG00000111707	0	0	0	1
ENSG00000111716	1	1	0	1
ENSG00000111725	0	1	0	0
ENSG00000111731	0	1	0	0
ENSG00000111786	0	1	1	1
ENSG00000111790	0	1	0	0
ENSG00000111801	0	1	0	0
ENSG00000111816	0	0	0	1
ENSG00000111817	0	1	0	0
ENSG00000111845	0	1	0	1
ENSG00000111897	0	1	0	0
ENSG00000111911	0	1	1	0
ENSG00000111912	0	1	0	0
ENSG00000111961	0	1	0	0
ENSG00000112029	0	1	1	0
ENSG00000112033	1	1	0	0
ENSG00000112039	0	1	0	0
ENSG00000112078	1	0	0	0
ENSG00000112081	1	0	1	1
ENSG00000112096	0	1	0	0
ENSG00000112110	0	0	1	1
ENSG00000112130	1	1	1	1
ENSG00000112139	0	1	0	0
ENSG00000112144	1	1	1	0
ENSG00000112146	1	1	1	0
ENSG00000112159	0	1	0	0
ENSG00000112208	0	1	0	0
ENSG00000112210	1	1	0	0
ENSG00000112218	0	1	0	0
ENSG00000112234	0	1	1	0
ENSG00000112245	0	1	0	0
ENSG00000112246	0	1	0	0
ENSG00000112249	0	1	0	1
ENSG00000112290	0	1	1	1
ENSG00000112304	0	0	0	1
ENSG00000112306	1	1	0	1
ENSG00000112308	1	1	1	1
ENSG00000112312	0	1	0	1
ENSG00000112319	0	1	0	0
ENSG00000112320	0	1	1	0
ENSG00000112333	0	1	0	0
ENSG00000112335	0	0	0	1
ENSG00000112343	1	1	0	0
ENSG00000112394	0	1	0	0
ENSG00000112406	0	1	0	0
ENSG00000112414	1	0	0	0
ENSG00000112486	0	0	1	0
ENSG00000112494	0	0	1	0
ENSG00000112531	0	0	0	1
ENSG00000112576	0	1	0	0
ENSG00000112578	0	1	0	0
ENSG00000112592	0	1	0	0
ENSG00000112624	0	1	0	0
ENSG00000112655	0	1	0	0
ENSG00000112658	0	1	0	0
ENSG00000112679	0	1	0	0
ENSG00000112685	1	0	0	0
ENSG00000112701	0	1	0	0
ENSG00000112715	0	1	1	0
ENSG00000112759	0	1	0	0
ENSG00000112769	0	1	0	0
ENSG00000112855	0	1	0	0
ENSG00000112893	0	0	1	0
ENSG00000112977	0	0	0	1
ENSG00000112984	0	1	0	0
ENSG00000113070	0	0	0	1
ENSG00000113083	0	1	1	0
ENSG00000113269	0	1	0	0
ENSG00000113282	0	1	0	0
ENSG00000113300	0	1	1	1
ENSG00000113328	0	1	0	1
ENSG00000113356	0	1	0	0
ENSG00000113360	1	0	0	0
ENSG00000113368	1	1	1	1
ENSG00000113384	0	1	1	0
ENSG00000113387	0	1	0	0
ENSG00000113407	0	1	0	0
ENSG00000113441	0	1	0	0
ENSG00000113460	0	1	0	0
ENSG00000113494	0	0	1	0
ENSG00000113522	0	1	0	1
ENSG00000113558	0	1	0	1
ENSG00000113569	0	1	0	0
ENSG00000113575	1	1	1	1
ENSG00000113580	0	1	0	1
ENSG00000113594	0	1	1	0
ENSG00000113597	0	1	0	0
ENSG00000113615	0	1	0	1
ENSG00000113645	0	0	1	0
ENSG00000113648	0	1	0	0
ENSG00000113658	1	1	1	0
ENSG00000113712	1	1	1	0
ENSG00000113732	0	0	0	1
ENSG00000113739	0	1	0	0
ENSG00000113742	1	1	0	0
ENSG00000113810	1	1	1	1
ENSG00000113845	1	1	1	1
ENSG00000113916	0	0	0	1
ENSG00000113966	0	1	0	0
ENSG00000114023	0	0	0	1
ENSG00000114062	1	1	1	0
ENSG00000114098	0	0	0	1
ENSG00000114107	0	1	0	0
ENSG00000114126	0	1	1	0
ENSG00000114209	1	1	0	1
ENSG00000114251	0	1	0	0
ENSG00000114315	0	0	0	1
ENSG00000114331	0	0	0	1
ENSG00000114346	0	1	1	1
ENSG00000114354	0	1	0	0
ENSG00000114383	1	1	1	1
ENSG00000114395	1	0	0	0
ENSG00000114405	0	1	0	0
ENSG00000114439	1	1	0	1
ENSG00000114446	0	0	0	1
ENSG00000114450	0	1	0	0
ENSG00000114646	0	1	0	0
ENSG00000114650	1	1	1	1
ENSG00000114739	0	1	0	0
ENSG00000114770	0	1	0	1
ENSG00000114796	0	1	0	0
ENSG00000114861	0	1	0	0
ENSG00000114867	1	1	1	0
ENSG00000114933	0	0	1	0
ENSG00000114942	1	1	1	1
ENSG00000114978	0	0	1	1
ENSG00000114982	0	1	0	0
ENSG00000115042	0	0	0	1
ENSG00000115084	0	1	1	1
ENSG00000115091	1	0	1	0
ENSG00000115107	0	1	0	1
ENSG00000115128	0	0	0	1
ENSG00000115145	0	0	0	1
ENSG00000115170	0	1	0	0
ENSG00000115183	0	1	0	1
ENSG00000115207	0	1	1	0
ENSG00000115232	0	1	0	0
ENSG00000115233	0	0	0	1
ENSG00000115234	1	1	1	1
ENSG00000115239	0	1	0	0
ENSG00000115241	0	1	0	1
ENSG00000115275	0	1	0	0
ENSG00000115306	0	0	0	1
ENSG00000115307	0	1	0	0
ENSG00000115310	0	1	1	0
ENSG00000115339	0	1	0	1
ENSG00000115355	0	1	0	0
ENSG00000115363	1	0	0	0
ENSG00000115365	0	1	0	0
ENSG00000115415	0	0	1	0
ENSG00000115446	0	1	1	0
ENSG00000115459	0	1	0	0
ENSG00000115461	0	1	0	0
ENSG00000115539	0	1	0	0
ENSG00000115541	1	1	1	1
ENSG00000115568	0	1	0	0
ENSG00000115648	0	0	0	1
ENSG00000115657	0	0	0	1
ENSG00000115661	0	1	1	1
ENSG00000115677	1	1	1	1
ENSG00000115756	1	1	0	0
ENSG00000115758	1	0	1	0
ENSG00000115806	0	1	0	0
ENSG00000115825	0	1	0	0
ENSG00000115844	0	1	0	0
ENSG00000115884	1	0	0	0
ENSG00000115935	0	1	0	0
ENSG00000115947	1	0	0	0
ENSG00000115963	1	0	0	1
ENSG00000115966	0	0	1	1
ENSG00000115970	0	1	0	0
ENSG00000115993	0	1	0	0
ENSG00000115998	0	1	0	0
ENSG00000116001	0	0	1	0
ENSG00000116030	1	1	0	1
ENSG00000116095	0	1	0	0
ENSG00000116128	0	1	0	0
ENSG00000116161	0	1	1	1
ENSG00000116191	0	0	0	1
ENSG00000116198	1	1	0	1
ENSG00000116205	0	1	0	0
ENSG00000116209	1	1	0	0
ENSG00000116212	0	1	1	0
ENSG00000116273	0	1	0	0
ENSG00000116285	0	1	1	0
ENSG00000116288	1	1	0	1
ENSG00000116337	0	1	0	0
ENSG00000116350	0	1	0	0
ENSG00000116406	0	1	0	1
ENSG00000116473	1	1	1	0
ENSG00000116489	1	1	0	1
ENSG00000116539	0	1	1	0
ENSG00000116586	0	1	0	0
ENSG00000116604	1	1	1	1
ENSG00000116667	1	1	0	1
ENSG00000116670	0	1	0	0
ENSG00000116678	0	1	1	0
ENSG00000116679	1	1	1	1
ENSG00000116685	0	1	0	1
ENSG00000116688	0	1	1	1
ENSG00000116691	0	1	0	0
ENSG00000116698	0	1	0	0
ENSG00000116711	0	1	0	0
ENSG00000116729	0	1	0	0
ENSG00000116747	0	1	0	0
ENSG00000116754	0	1	0	0
ENSG00000116791	1	1	1	0
ENSG00000116793	0	1	0	0
ENSG00000116833	0	0	1	0
ENSG00000116857	0	1	0	0
ENSG00000116871	0	1	0	0
ENSG00000116906	0	1	1	1
ENSG00000116918	0	1	0	1
ENSG00000116922	1	1	1	1
ENSG00000116957	0	1	0	1
ENSG00000116977	0	0	1	0
ENSG00000116984	0	1	0	1
ENSG00000116985	0	1	0	1
ENSG00000117054	0	1	0	0
ENSG00000117069	0	1	0	0
ENSG00000117118	0	1	1	0
ENSG00000117139	0	0	0	1
ENSG00000117143	0	1	0	1
ENSG00000117155	0	1	0	0
ENSG00000117280	0	1	0	0
ENSG00000117335	1	0	0	1
ENSG00000117362	1	0	0	0
ENSG00000117394	1	1	0	0
ENSG00000117408	1	1	1	1
ENSG00000117411	0	1	0	0
ENSG00000117419	0	1	0	1
ENSG00000117448	1	1	0	1
ENSG00000117450	0	1	1	1
ENSG00000117461	1	1	0	0
ENSG00000117475	0	1	0	1
ENSG00000117477	0	1	0	0
ENSG00000117500	1	1	0	0
ENSG00000117505	1	1	0	1
ENSG00000117523	1	1	0	1
ENSG00000117533	1	0	0	0
ENSG00000117593	1	1	1	1
ENSG00000117602	1	0	0	0
ENSG00000117616	0	1	0	0
ENSG00000117620	0	1	0	0
ENSG00000117632	0	1	0	0
ENSG00000117640	0	1	0	0
ENSG00000117650	0	1	0	0
ENSG00000117682	0	0	0	1
ENSG00000117707	0	1	0	0
ENSG00000117713	0	1	0	0
ENSG00000117791	0	1	0	0
ENSG00000117862	0	1	0	0
ENSG00000117877	0	1	0	0
ENSG00000118007	0	1	0	0
ENSG00000118046	0	1	1	0
ENSG00000118096	1	1	0	0
ENSG00000118181	0	1	0	0
ENSG00000118193	1	1	1	1
ENSG00000118200	0	1	1	0
ENSG00000118246	0	1	1	1
ENSG00000118257	0	1	0	0
ENSG00000118369	0	0	0	1
ENSG00000118402	0	1	0	0
ENSG00000118412	0	1	0	0
ENSG00000118418	0	1	0	0
ENSG00000118454	0	1	1	0
ENSG00000118482	0	1	0	1
ENSG00000118503	0	1	0	0
ENSG00000118518	0	1	0	0
ENSG00000118564	1	1	1	0
ENSG00000118640	0	1	0	1
ENSG00000118655	0	1	0	0
ENSG00000118689	0	1	0	0
ENSG00000118705	1	1	0	1
ENSG00000118804	0	1	0	0
ENSG00000118816	1	1	1	1
ENSG00000118900	0	1	0	0
ENSG00000118965	0	1	0	0
ENSG00000118985	0	1	0	1
ENSG00000119013	0	1	0	0
ENSG00000119042	0	1	0	0
ENSG00000119138	0	1	0	0
ENSG00000119185	0	1	0	1
ENSG00000119231	0	1	0	0
ENSG00000119242	0	1	0	0
ENSG00000119314	0	1	0	0
ENSG00000119318	0	1	1	1
ENSG00000119335	0	0	1	1
ENSG00000119383	0	1	1	1
ENSG00000119396	0	0	0	1
ENSG00000119401	0	0	0	1
ENSG00000119402	0	1	1	0
ENSG00000119414	0	1	0	0
ENSG00000119431	1	1	0	0
ENSG00000119487	1	1	1	1
ENSG00000119509	0	1	0	0
ENSG00000119537	0	0	0	1
ENSG00000119541	0	1	0	0
ENSG00000119559	0	1	0	0
ENSG00000119574	0	1	0	0
ENSG00000119630	0	1	1	0
ENSG00000119669	1	1	0	1
ENSG00000119682	0	1	1	0
ENSG00000119685	0	1	0	0
ENSG00000119707	0	1	0	0
ENSG00000119725	1	1	0	0
ENSG00000119729	0	1	0	0
ENSG00000119760	0	1	1	0
ENSG00000119801	0	1	0	1
ENSG00000119812	0	0	0	1
ENSG00000119820	0	1	0	1
ENSG00000119844	0	0	1	1
ENSG00000119865	0	1	0	0
ENSG00000119866	0	1	0	0
ENSG00000119922	0	0	0	1
ENSG00000119927	0	1	0	0
ENSG00000119938	0	0	0	1
ENSG00000119946	0	1	0	0
ENSG00000119986	0	1	1	1
ENSG00000120093	0	1	0	0
ENSG00000120129	0	0	0	1
ENSG00000120137	0	1	0	0
ENSG00000120254	0	1	0	0
ENSG00000120334	0	1	0	0
ENSG00000120438	0	1	0	0
ENSG00000120451	1	1	1	0
ENSG00000120519	0	1	0	1
ENSG00000120526	0	1	0	0
ENSG00000120539	0	1	0	0
ENSG00000120594	0	0	0	1
ENSG00000120656	0	1	0	0
ENSG00000120658	0	1	0	0
ENSG00000120662	0	1	0	0
ENSG00000120685	0	1	1	0
ENSG00000120688	0	1	0	0
ENSG00000120690	1	1	0	0
ENSG00000120693	0	1	0	0
ENSG00000120705	1	1	1	0
ENSG00000120727	0	1	0	0
ENSG00000120742	1	1	0	1
ENSG00000120756	0	1	0	0
ENSG00000120784	0	1	0	0
ENSG00000120800	0	1	0	0
ENSG00000120802	1	1	1	1
ENSG00000120832	0	1	1	1
ENSG00000120833	0	1	0	1
ENSG00000120837	0	1	0	1
ENSG00000120868	0	1	0	0
ENSG00000120875	0	1	0	1
ENSG00000120889	0	1	1	0
ENSG00000120899	0	0	0	1
ENSG00000120910	0	1	0	0
ENSG00000120925	0	1	0	0
ENSG00000120948	0	1	0	1
ENSG00000120963	1	1	0	0
ENSG00000121005	0	1	0	0
ENSG00000121022	1	1	1	1
ENSG00000121039	1	1	1	1
ENSG00000121057	0	0	1	0
ENSG00000121067	1	1	0	1
ENSG00000121281	0	1	0	1
ENSG00000121361	0	1	0	0
ENSG00000121390	0	1	1	1
ENSG00000121481	0	1	1	1
ENSG00000121486	0	1	0	0
ENSG00000121578	1	1	0	0
ENSG00000121579	0	0	1	0
ENSG00000121644	0	1	0	0
ENSG00000121680	0	1	0	0
ENSG00000121716	0	1	0	0
ENSG00000121741	0	0	0	1
ENSG00000121864	0	1	0	1
ENSG00000121892	0	0	0	1
ENSG00000121940	1	1	1	1
ENSG00000121957	0	1	0	1
ENSG00000121989	0	1	0	0
ENSG00000122026	0	1	1	0
ENSG00000122033	1	1	1	0
ENSG00000122042	0	1	0	1
ENSG00000122126	0	1	0	0
ENSG00000122203	1	1	1	1
ENSG00000122257	0	1	0	0
ENSG00000122299	0	1	0	0
ENSG00000122359	0	0	1	1
ENSG00000122376	0	1	0	0
ENSG00000122417	1	1	1	0
ENSG00000122420	1	0	0	0
ENSG00000122482	0	1	0	0
ENSG00000122490	0	1	0	0
ENSG00000122507	0	1	0	0
ENSG00000122515	0	1	0	0
ENSG00000122547	1	0	1	0
ENSG00000122550	1	1	0	0
ENSG00000122557	1	1	1	1
ENSG00000122565	1	1	1	0
ENSG00000122566	0	0	1	0
ENSG00000122644	1	0	0	1
ENSG00000122729	0	0	0	1
ENSG00000122783	1	0	1	1
ENSG00000122786	0	1	0	0
ENSG00000122863	0	0	1	0
ENSG00000122873	0	1	0	1
ENSG00000122882	1	1	0	0
ENSG00000122884	0	1	0	1
ENSG00000122970	0	1	1	0
ENSG00000123080	1	1	0	1
ENSG00000123091	0	1	1	1
ENSG00000123094	1	1	0	0
ENSG00000123095	1	1	0	1
ENSG00000123104	0	1	0	1
ENSG00000123124	0	1	1	1
ENSG00000123130	0	1	0	0
ENSG00000123154	0	1	0	0
ENSG00000123159	1	1	1	1
ENSG00000123200	0	1	0	0
ENSG00000123213	0	1	0	0
ENSG00000123219	0	1	0	0
ENSG00000123240	0	0	1	0
ENSG00000123268	0	1	0	0
ENSG00000123352	1	1	1	0
ENSG00000123374	1	0	1	1
ENSG00000123384	0	1	1	0
ENSG00000123395	1	0	1	1
ENSG00000123415	0	1	1	1
ENSG00000123416	0	0	0	1
ENSG00000123473	0	1	0	0
ENSG00000123505	0	1	0	1
ENSG00000123562	1	1	1	1
ENSG00000123595	0	1	0	1
ENSG00000123600	0	1	0	0
ENSG00000123684	0	1	0	1
ENSG00000123689	1	0	0	0
ENSG00000123728	0	1	1	0
ENSG00000123737	0	1	0	0
ENSG00000123739	1	1	1	1
ENSG00000123983	0	1	1	1
ENSG00000124074	0	1	0	1
ENSG00000124151	1	0	0	1
ENSG00000124164	0	1	0	1
ENSG00000124172	0	1	0	1
ENSG00000124201	0	0	1	0
ENSG00000124207	0	0	0	1
ENSG00000124214	0	1	0	1
ENSG00000124222	1	1	1	0
ENSG00000124279	0	1	0	0
ENSG00000124356	0	1	0	0
ENSG00000124374	1	1	1	1
ENSG00000124383	0	1	0	0
ENSG00000124444	1	1	1	0
ENSG00000124459	0	1	0	1
ENSG00000124486	1	1	1	1
ENSG00000124496	1	1	0	1
ENSG00000124523	1	1	0	0
ENSG00000124535	0	1	0	0
ENSG00000124564	0	1	0	0
ENSG00000124570	0	1	0	0
ENSG00000124571	0	1	0	1
ENSG00000124588	0	1	0	1
ENSG00000124596	1	1	0	0
ENSG00000124614	0	1	0	0
ENSG00000124702	0	1	1	1
ENSG00000124766	1	1	1	1
ENSG00000124782	0	1	1	1
ENSG00000124784	0	1	0	0
ENSG00000124785	0	1	0	0
ENSG00000124786	0	1	1	0
ENSG00000124788	1	1	0	0
ENSG00000124839	0	0	0	1
ENSG00000124875	1	0	0	0
ENSG00000124942	0	0	1	0
ENSG00000125107	1	1	1	1
ENSG00000125122	0	1	0	0
ENSG00000125124	0	1	0	0
ENSG00000125148	1	0	0	1
ENSG00000125170	0	0	1	0
ENSG00000125247	0	1	0	0
ENSG00000125285	0	1	0	0
ENSG00000125356	1	1	0	0
ENSG00000125378	0	0	1	0
ENSG00000125398	1	1	1	0
ENSG00000125430	0	1	1	0
ENSG00000125445	0	0	0	1
ENSG00000125449	0	1	0	0
ENSG00000125454	1	0	0	0
ENSG00000125457	0	1	0	0
ENSG00000125484	0	1	0	0
ENSG00000125534	0	1	0	1
ENSG00000125629	0	1	0	0
ENSG00000125651	1	1	0	1
ENSG00000125656	0	1	0	0
ENSG00000125686	0	0	1	0
ENSG00000125703	0	1	0	0
ENSG00000125731	0	0	0	1
ENSG00000125740	0	1	0	1
ENSG00000125743	1	1	1	1
ENSG00000125753	1	0	1	0
ENSG00000125755	0	0	0	1
ENSG00000125772	0	1	0	0
ENSG00000125775	0	0	0	1
ENSG00000125820	0	1	0	0
ENSG00000125826	1	1	0	1
ENSG00000125841	1	1	1	0
ENSG00000125843	1	1	0	0
ENSG00000125844	1	1	1	0
ENSG00000125845	0	0	1	1
ENSG00000125848	0	1	0	0
ENSG00000125863	0	1	0	0
ENSG00000125868	0	1	0	0
ENSG00000125870	1	1	1	1
ENSG00000125871	0	1	1	1
ENSG00000125877	0	1	0	0
ENSG00000125885	1	1	1	0
ENSG00000125898	0	1	0	0
ENSG00000125962	1	1	0	1
ENSG00000125970	1	1	1	1
ENSG00000125995	0	1	1	1
ENSG00000126001	0	1	0	1
ENSG00000126003	0	1	1	0
ENSG00000126012	0	1	0	1
ENSG00000126016	0	1	0	0
ENSG00000126062	1	1	1	0
ENSG00000126067	0	1	0	1
ENSG00000126091	0	1	0	0
ENSG00000126214	0	1	0	0
ENSG00000126215	0	1	0	0
ENSG00000126243	0	1	0	0
ENSG00000126247	0	1	0	1
ENSG00000126254	0	1	0	0
ENSG00000126351	0	1	0	0
ENSG00000126368	0	1	0	1
ENSG00000126456	1	1	1	0
ENSG00000126524	0	1	0	1
ENSG00000126581	0	1	1	1
ENSG00000126705	1	1	0	0
ENSG00000126746	0	1	0	0
ENSG00000126756	1	0	0	1
ENSG00000126767	0	0	1	0
ENSG00000126773	1	1	1	0
ENSG00000126804	1	1	0	0
ENSG00000126903	0	1	0	0
ENSG00000126934	0	1	0	0
ENSG00000127022	0	1	0	0
ENSG00000127084	0	0	1	0
ENSG00000127124	1	1	0	0
ENSG00000127184	0	1	0	0
ENSG00000127191	0	1	0	0
ENSG00000127314	0	1	1	1
ENSG00000127324	1	0	1	1
ENSG00000127328	0	1	0	0
ENSG00000127334	0	0	1	1
ENSG00000127337	0	1	0	1
ENSG00000127399	1	1	1	0
ENSG00000127483	1	1	1	0
ENSG00000127564	0	0	1	1
ENSG00000127585	0	1	0	0
ENSG00000127616	0	1	0	0
ENSG00000127804	0	1	0	0
ENSG00000127870	1	1	1	1
ENSG00000127914	0	0	0	1
ENSG00000127920	1	1	0	0
ENSG00000127948	0	1	0	0
ENSG00000127952	0	1	0	1
ENSG00000127955	0	0	0	1
ENSG00000127990	0	0	0	1
ENSG00000128000	0	1	0	0
ENSG00000128050	0	1	0	0
ENSG00000128159	0	1	1	0
ENSG00000128191	0	1	0	1
ENSG00000128245	0	1	0	0
ENSG00000128266	1	1	1	0
ENSG00000128271	0	1	0	0
ENSG00000128272	1	1	1	1
ENSG00000128283	0	1	1	1
ENSG00000128311	0	1	1	0
ENSG00000128408	0	1	0	0
ENSG00000128512	0	1	0	0
ENSG00000128513	1	1	1	1
ENSG00000128563	0	1	0	1
ENSG00000128573	0	1	0	0
ENSG00000128590	0	0	0	1
ENSG00000128595	1	0	0	1
ENSG00000128607	0	1	0	0
ENSG00000128626	0	1	0	0
ENSG00000128641	0	1	1	1
ENSG00000128654	0	1	0	1
ENSG00000128683	0	1	0	0
ENSG00000128699	0	1	0	0
ENSG00000128739	1	0	0	1
ENSG00000128791	1	1	0	0
ENSG00000128881	0	1	0	0
ENSG00000128891	0	1	0	0
ENSG00000128923	0	1	0	0
ENSG00000128989	0	1	1	0
ENSG00000129038	1	0	0	0
ENSG00000129055	0	1	1	1
ENSG00000129071	0	1	0	0
ENSG00000129083	1	1	1	1
ENSG00000129084	0	0	0	1
ENSG00000129159	0	1	0	0
ENSG00000129173	0	1	0	1
ENSG00000129250	0	0	1	1
ENSG00000129292	0	1	0	0
ENSG00000129317	1	1	1	0
ENSG00000129351	1	1	0	1
ENSG00000129473	0	1	0	0
ENSG00000129474	0	0	1	0
ENSG00000129493	0	1	1	0
ENSG00000129534	0	1	0	1
ENSG00000129559	1	0	0	0
ENSG00000129596	0	1	1	0
ENSG00000129657	0	1	0	0
ENSG00000129667	0	1	0	1
ENSG00000129932	0	1	0	0
ENSG00000130038	0	1	0	0
ENSG00000130119	0	1	0	1
ENSG00000130147	1	1	0	0
ENSG00000130159	0	1	0	1
ENSG00000130165	0	1	0	0
ENSG00000130175	1	0	1	1
ENSG00000130204	0	1	0	0
ENSG00000130208	0	0	1	0
ENSG00000130255	1	0	0	0
ENSG00000130283	0	1	1	0
ENSG00000130294	0	1	0	0
ENSG00000130309	0	1	0	0
ENSG00000130338	0	1	1	0
ENSG00000130347	0	1	0	1
ENSG00000130349	0	1	0	0
ENSG00000130413	0	1	0	0
ENSG00000130429	0	0	0	1
ENSG00000130489	0	1	0	0
ENSG00000130638	0	1	0	0
ENSG00000130640	1	1	1	0
ENSG00000130695	0	1	0	0
ENSG00000130703	1	1	0	1
ENSG00000130714	0	1	0	1
ENSG00000130723	0	1	1	0
ENSG00000130724	1	1	0	0
ENSG00000130725	0	1	0	1
ENSG00000130733	0	1	0	0
ENSG00000130734	0	1	0	1
ENSG00000130751	0	1	0	0
ENSG00000130758	0	1	0	0
ENSG00000130766	0	1	0	0
ENSG00000130768	0	1	0	0
ENSG00000130803	1	1	0	0
ENSG00000130818	0	1	0	0
ENSG00000130829	0	1	0	0
ENSG00000130844	0	1	0	0
ENSG00000130881	0	1	0	0
ENSG00000130921	0	1	1	0
ENSG00000130939	1	1	1	0
ENSG00000130985	1	1	0	1
ENSG00000130997	1	0	1	1
ENSG00000131043	0	1	0	0
ENSG00000131051	0	1	1	0
ENSG00000131100	0	1	0	0
ENSG00000131116	0	1	0	0
ENSG00000131143	0	1	1	0
ENSG00000131148	0	1	1	1
ENSG00000131188	0	1	0	1
ENSG00000131236	0	1	0	1
ENSG00000131263	0	1	0	0
ENSG00000131323	0	1	0	0
ENSG00000131373	0	1	1	0
ENSG00000131374	1	1	1	0
ENSG00000131375	0	1	0	1
ENSG00000131378	0	1	0	1
ENSG00000131381	0	1	1	1
ENSG00000131408	1	1	1	1
ENSG00000131446	1	1	0	1
ENSG00000131467	0	1	0	0
ENSG00000131473	0	1	0	0
ENSG00000131495	0	1	0	0
ENSG00000131507	1	1	0	1
ENSG00000131591	0	1	0	0
ENSG00000131652	1	1	1	1
ENSG00000131653	0	1	0	1
ENSG00000131746	0	0	0	1
ENSG00000131747	1	0	0	0
ENSG00000131748	0	1	0	0
ENSG00000131759	0	1	0	0
ENSG00000131845	0	1	0	0
ENSG00000131848	0	1	1	0
ENSG00000132005	0	1	0	1
ENSG00000132128	0	1	0	0
ENSG00000132153	1	1	0	0
ENSG00000132155	0	0	1	1
ENSG00000132256	1	0	0	0
ENSG00000132376	0	1	0	0
ENSG00000132382	0	1	0	0
ENSG00000132388	0	1	0	1
ENSG00000132424	0	1	1	1
ENSG00000132429	0	1	0	0
ENSG00000132434	0	1	0	0
ENSG00000132436	1	1	1	1
ENSG00000132466	0	0	0	1
ENSG00000132475	0	0	0	1
ENSG00000132510	0	1	0	0
ENSG00000132522	0	0	1	0
ENSG00000132549	0	0	0	1
ENSG00000132561	0	0	0	1
ENSG00000132581	0	1	0	1
ENSG00000132600	0	1	0	1
ENSG00000132612	0	0	0	1
ENSG00000132623	0	1	1	1
ENSG00000132635	0	0	1	0
ENSG00000132640	0	1	0	0
ENSG00000132646	0	0	0	1
ENSG00000132661	1	0	0	0
ENSG00000132670	1	1	1	1
ENSG00000132676	0	1	0	1
ENSG00000132694	1	1	1	0
ENSG00000132698	0	0	0	1
ENSG00000132716	1	1	0	0
ENSG00000132763	0	1	0	0
ENSG00000132768	1	1	1	1
ENSG00000132825	0	1	0	1
ENSG00000132846	0	1	1	0
ENSG00000132879	0	1	0	0
ENSG00000132881	0	1	0	0
ENSG00000132964	0	0	0	1
ENSG00000133026	0	1	0	0
ENSG00000133056	0	1	1	0
ENSG00000133065	1	1	0	1
ENSG00000133104	0	1	0	0
ENSG00000133111	0	1	0	0
ENSG00000133112	0	1	0	0
ENSG00000133121	0	1	0	0
ENSG00000133131	0	1	0	1
ENSG00000133134	0	1	0	0
ENSG00000133169	0	0	1	0
ENSG00000133195	0	1	0	1
ENSG00000133247	0	1	0	0
ENSG00000133265	1	1	0	1
ENSG00000133275	0	1	1	1
ENSG00000133422	0	1	0	0
ENSG00000133424	0	1	0	0
ENSG00000133636	0	0	1	0
ENSG00000133639	1	1	0	1
ENSG00000133641	0	1	0	0
ENSG00000133657	0	1	0	1
ENSG00000133703	0	1	1	0
ENSG00000133704	0	0	0	1
ENSG00000133706	0	1	0	1
ENSG00000133773	0	1	0	0
ENSG00000133816	0	0	1	1
ENSG00000133858	0	0	0	1
ENSG00000133872	0	1	0	0
ENSG00000133874	0	1	0	0
ENSG00000133935	0	1	1	1
ENSG00000133961	1	1	0	0
ENSG00000134001	0	1	0	0
ENSG00000134057	0	0	0	1
ENSG00000134077	1	1	1	1
ENSG00000134107	1	1	0	1
ENSG00000134138	0	1	0	0
ENSG00000134186	0	0	0	1
ENSG00000134222	0	1	0	0
ENSG00000134278	1	1	0	1
ENSG00000134287	1	1	0	1
ENSG00000134294	0	1	0	1
ENSG00000134313	0	1	0	0
ENSG00000134318	0	1	1	1
ENSG00000134333	1	1	0	0
ENSG00000134352	1	1	1	0
ENSG00000134419	0	1	1	0
ENSG00000134480	0	1	0	1
ENSG00000134490	0	0	0	1
ENSG00000134533	0	1	0	0
ENSG00000134574	0	0	0	1
ENSG00000134627	0	1	0	0
ENSG00000134684	0	1	0	0
ENSG00000134744	0	1	0	0
ENSG00000134748	0	1	1	1
ENSG00000134758	0	1	0	1
ENSG00000134769	0	1	0	0
ENSG00000134779	0	1	0	1
ENSG00000134802	0	0	1	0
ENSG00000134809	0	1	0	1
ENSG00000134815	0	1	1	1
ENSG00000134852	1	1	0	0
ENSG00000134864	0	1	0	0
ENSG00000134871	0	1	0	0
ENSG00000134874	0	1	0	0
ENSG00000134884	0	1	0	0
ENSG00000134897	0	1	0	0
ENSG00000134899	0	1	0	0
ENSG00000134901	0	1	0	0
ENSG00000134910	1	1	1	1
ENSG00000134970	1	1	0	0
ENSG00000135018	0	1	1	1
ENSG00000135040	0	1	0	0
ENSG00000135047	0	0	0	1
ENSG00000135048	0	1	1	1
ENSG00000135052	0	0	0	1
ENSG00000135090	1	1	0	0
ENSG00000135111	1	1	0	1
ENSG00000135119	1	1	0	1
ENSG00000135148	0	1	0	0
ENSG00000135164	1	1	1	1
ENSG00000135185	0	1	1	0
ENSG00000135211	0	0	0	1
ENSG00000135245	1	1	0	0
ENSG00000135249	0	0	0	1
ENSG00000135297	0	1	0	0
ENSG00000135314	1	1	0	0
ENSG00000135315	0	1	0	0
ENSG00000135316	1	1	0	1
ENSG00000135317	0	1	0	0
ENSG00000135333	1	0	0	0
ENSG00000135334	0	1	0	1
ENSG00000135338	0	1	0	0
ENSG00000135365	0	1	0	0
ENSG00000135372	0	1	0	0
ENSG00000135378	0	1	0	1
ENSG00000135392	1	1	0	0
ENSG00000135404	0	1	0	1
ENSG00000135446	0	1	1	1
ENSG00000135454	0	0	1	1
ENSG00000135457	0	1	1	1
ENSG00000135469	0	1	0	1
ENSG00000135473	0	1	0	0
ENSG00000135541	0	1	0	0
ENSG00000135549	0	1	0	0
ENSG00000135596	0	1	1	0
ENSG00000135643	0	1	0	0
ENSG00000135679	0	1	1	0
ENSG00000135736	0	1	0	0
ENSG00000135747	0	1	0	0
ENSG00000135763	0	1	0	0
ENSG00000135766	0	1	0	0
ENSG00000135775	0	1	0	0
ENSG00000135821	0	1	0	0
ENSG00000135837	0	0	0	1
ENSG00000135842	0	1	0	0
ENSG00000135845	1	1	1	1
ENSG00000135862	0	0	1	1
ENSG00000135870	0	1	1	1
ENSG00000135899	0	1	0	0
ENSG00000135903	0	1	0	0
ENSG00000135912	0	1	1	0
ENSG00000135913	0	1	0	1
ENSG00000135924	0	1	0	0
ENSG00000135926	0	1	0	0
ENSG00000135932	0	0	0	1
ENSG00000135951	0	1	0	0
ENSG00000136014	0	1	0	0
ENSG00000136021	0	1	1	0
ENSG00000136045	0	1	0	1
ENSG00000136052	0	1	0	0
ENSG00000136144	0	1	0	0
ENSG00000136152	0	1	0	0
ENSG00000136156	0	0	0	1
ENSG00000136169	0	1	0	0
ENSG00000136213	0	0	0	1
ENSG00000136240	0	1	0	0
ENSG00000136247	1	1	1	1
ENSG00000136261	0	1	0	1
ENSG00000136270	0	1	0	1
ENSG00000136295	0	1	0	0
ENSG00000136425	0	1	0	0
ENSG00000136450	0	1	0	1
ENSG00000136478	1	0	0	0
ENSG00000136485	0	1	0	0
ENSG00000136490	0	1	0	0
ENSG00000136518	0	1	1	1
ENSG00000136527	0	1	0	1
ENSG00000136536	0	1	0	0
ENSG00000136560	0	1	1	1
ENSG00000136574	0	1	0	0
ENSG00000136603	0	1	1	0
ENSG00000136628	0	0	0	1
ENSG00000136631	0	1	0	0
ENSG00000136636	0	1	1	0
ENSG00000136699	0	1	1	0
ENSG00000136731	0	0	1	0
ENSG00000136738	0	1	0	0
ENSG00000136758	1	1	1	0
ENSG00000136770	0	1	0	1
ENSG00000136802	1	1	0	1
ENSG00000136824	0	1	0	1
ENSG00000136826	0	1	0	1
ENSG00000136840	0	1	0	1
ENSG00000136861	0	0	1	0
ENSG00000136874	0	1	0	1
ENSG00000136883	0	0	1	0
ENSG00000136925	0	0	0	1
ENSG00000136950	0	0	0	1
ENSG00000136982	0	1	0	0
ENSG00000136986	1	0	0	1
ENSG00000136997	1	1	0	1
ENSG00000137055	0	1	0	0
ENSG00000137074	0	1	0	0
ENSG00000137076	0	0	1	0
ENSG00000137103	0	1	1	0
ENSG00000137124	0	1	0	0
ENSG00000137166	0	1	1	1
ENSG00000137168	1	0	0	1
ENSG00000137200	0	1	0	1
ENSG00000137207	0	1	0	1
ENSG00000137221	0	1	0	1
ENSG00000137266	0	1	0	0
ENSG00000137309	1	1	1	1
ENSG00000137393	0	0	0	1
ENSG00000137491	0	0	1	0
ENSG00000137497	0	1	0	0
ENSG00000137500	0	1	1	0
ENSG00000137501	1	0	0	0
ENSG00000137513	1	1	1	1
ENSG00000137571	0	1	0	0
ENSG00000137575	0	0	0	1
ENSG00000137601	1	1	0	1
ENSG00000137648	0	0	0	1
ENSG00000137693	1	1	1	0
ENSG00000137700	1	1	1	0
ENSG00000137710	1	1	0	0
ENSG00000137764	0	1	0	0
ENSG00000137770	1	1	1	0
ENSG00000137801	0	0	1	0
ENSG00000137804	1	1	0	0
ENSG00000137817	0	1	0	0
ENSG00000137818	1	0	0	0
ENSG00000137819	0	1	0	0
ENSG00000137822	0	1	0	1
ENSG00000137824	0	1	0	0
ENSG00000137834	1	1	1	0
ENSG00000137842	0	1	0	0
ENSG00000137845	0	1	0	1
ENSG00000137871	0	1	0	0
ENSG00000137936	0	1	0	0
ENSG00000137941	0	1	0	0
ENSG00000137947	0	0	0	1
ENSG00000137948	0	0	1	0
ENSG00000137959	1	0	0	0
ENSG00000138029	0	0	0	1
ENSG00000138030	0	1	1	0
ENSG00000138031	0	1	0	0
ENSG00000138032	0	1	0	1
ENSG00000138061	0	0	0	1
ENSG00000138073	1	1	1	1
ENSG00000138074	1	1	1	1
ENSG00000138078	0	1	0	0
ENSG00000138085	0	1	0	1
ENSG00000138092	0	1	1	0
ENSG00000138111	0	1	0	0
ENSG00000138172	0	0	0	1
ENSG00000138180	0	0	0	1
ENSG00000138231	0	1	0	0
ENSG00000138271	0	0	0	1
ENSG00000138286	0	1	0	0
ENSG00000138303	0	1	0	0
ENSG00000138326	1	1	1	1
ENSG00000138375	0	1	0	0
ENSG00000138382	0	0	1	0
ENSG00000138385	0	0	1	0
ENSG00000138386	0	1	0	0
ENSG00000138399	0	1	1	1
ENSG00000138413	1	1	1	1
ENSG00000138442	0	1	0	1
ENSG00000138443	1	1	1	0
ENSG00000138448	0	1	1	0
ENSG00000138459	0	1	1	1
ENSG00000138592	0	1	1	1
ENSG00000138594	1	0	0	0
ENSG00000138604	0	1	0	0
ENSG00000138629	1	1	0	0
ENSG00000138640	0	1	0	0
ENSG00000138660	0	1	1	1
ENSG00000138668	1	1	0	1
ENSG00000138674	1	1	1	0
ENSG00000138675	0	1	0	0
ENSG00000138686	0	1	0	0
ENSG00000138696	0	1	0	0
ENSG00000138709	0	1	0	1
ENSG00000138759	0	1	1	0
ENSG00000138760	0	0	0	1
ENSG00000138768	0	1	1	0
ENSG00000138769	0	1	0	0
ENSG00000138780	0	0	1	1
ENSG00000138792	0	1	0	0
ENSG00000138795	0	1	0	0
ENSG00000138814	0	1	1	0
ENSG00000138821	0	0	1	1
ENSG00000138829	1	1	0	1
ENSG00000138942	0	0	0	1
ENSG00000139112	0	1	0	0
ENSG00000139132	0	0	0	1
ENSG00000139168	0	1	0	0
ENSG00000139174	0	1	0	0
ENSG00000139211	0	0	1	0
ENSG00000139218	1	1	1	1
ENSG00000139263	0	1	0	0
ENSG00000139291	0	1	0	1
ENSG00000139318	1	0	0	1
ENSG00000139324	0	1	1	1
ENSG00000139372	0	1	0	1
ENSG00000139405	0	1	1	1
ENSG00000139496	0	1	0	0
ENSG00000139505	0	1	0	0
ENSG00000139508	0	1	0	0
ENSG00000139514	0	1	0	1
ENSG00000139531	0	1	0	0
ENSG00000139546	0	1	0	0
ENSG00000139579	0	1	1	0
ENSG00000139618	0	0	0	1
ENSG00000139629	0	1	0	0
ENSG00000139636	0	1	0	0
ENSG00000139644	0	1	0	0
ENSG00000139651	1	1	0	1
ENSG00000139725	1	1	0	1
ENSG00000139726	0	0	0	1
ENSG00000139734	0	1	0	0
ENSG00000139793	1	1	1	0
ENSG00000139826	0	1	0	0
ENSG00000139926	1	1	0	0
ENSG00000140006	1	1	0	0
ENSG00000140022	0	1	0	0
ENSG00000140043	0	1	0	0
ENSG00000140105	1	1	0	0
ENSG00000140157	1	1	1	1
ENSG00000140262	0	1	1	1
ENSG00000140264	1	1	0	0
ENSG00000140265	0	1	1	0
ENSG00000140297	0	0	1	0
ENSG00000140307	1	1	0	0
ENSG00000140332	1	1	1	0
ENSG00000140367	0	1	0	0
ENSG00000140382	0	1	0	0
ENSG00000140395	0	1	0	1
ENSG00000140396	0	1	0	0
ENSG00000140406	0	1	0	1
ENSG00000140443	0	0	0	1
ENSG00000140471	0	1	0	0
ENSG00000140521	1	1	0	0
ENSG00000140525	0	1	0	0
ENSG00000140526	1	1	1	1
ENSG00000140564	0	1	1	1
ENSG00000140600	0	1	0	0
ENSG00000140612	0	1	0	0
ENSG00000140740	0	1	0	0
ENSG00000140829	1	1	1	1
ENSG00000140830	0	1	0	1
ENSG00000140836	0	1	0	0
ENSG00000140848	0	1	0	0
ENSG00000140854	0	1	0	1
ENSG00000140937	1	0	0	0
ENSG00000140943	1	1	1	1
ENSG00000140987	0	1	0	1
ENSG00000140988	1	1	1	0
ENSG00000141027	0	0	0	1
ENSG00000141040	0	1	0	0
ENSG00000141098	1	0	0	0
ENSG00000141127	0	1	0	0
ENSG00000141219	0	1	0	0
ENSG00000141232	0	1	1	0
ENSG00000141252	0	0	0	1
ENSG00000141258	0	1	0	0
ENSG00000141298	0	1	0	0
ENSG00000141337	0	1	0	0
ENSG00000141367	0	1	0	1
ENSG00000141378	0	1	1	0
ENSG00000141404	0	1	0	1
ENSG00000141424	0	1	0	1
ENSG00000141429	1	1	1	1
ENSG00000141446	1	1	1	0
ENSG00000141447	0	1	0	0
ENSG00000141448	0	1	0	1
ENSG00000141458	0	1	0	0
ENSG00000141499	0	1	0	0
ENSG00000141503	0	1	0	0
ENSG00000141505	0	0	1	0
ENSG00000141510	0	1	1	1
ENSG00000141522	0	1	0	0
ENSG00000141524	0	0	0	1
ENSG00000141543	0	1	0	0
ENSG00000141551	0	1	0	0
ENSG00000141552	1	1	1	1
ENSG00000141562	0	1	0	0
ENSG00000141564	0	1	1	1
ENSG00000141580	0	1	0	0
ENSG00000141627	0	1	0	1
ENSG00000141639	0	1	0	0
ENSG00000141644	0	1	0	0
ENSG00000141646	1	1	1	1
ENSG00000141682	1	0	0	0
ENSG00000141696	0	1	0	0
ENSG00000141736	0	1	0	0
ENSG00000141759	0	1	0	0
ENSG00000141867	0	1	0	0
ENSG00000141873	0	1	0	0
ENSG00000141965	1	1	0	0
ENSG00000142002	0	1	1	1
ENSG00000142065	0	1	0	0
ENSG00000142168	1	0	0	0
ENSG00000142208	0	1	0	0
ENSG00000142252	0	0	0	1
ENSG00000142327	0	1	0	1
ENSG00000142396	0	1	0	0
ENSG00000142528	0	1	0	0
ENSG00000142556	0	1	0	1
ENSG00000142599	0	1	0	0
ENSG00000142687	0	1	0	0
ENSG00000142731	0	1	0	0
ENSG00000142751	1	1	0	1
ENSG00000142784	0	0	0	1
ENSG00000142794	0	1	0	0
ENSG00000142949	0	1	1	0
ENSG00000143013	1	0	0	1
ENSG00000143033	0	1	1	0
ENSG00000143061	0	1	1	1
ENSG00000143079	0	1	0	0
ENSG00000143153	1	1	1	1
ENSG00000143156	0	1	1	0
ENSG00000143158	1	0	1	0
ENSG00000143164	0	1	1	0
ENSG00000143198	0	1	1	0
ENSG00000143207	0	1	0	0
ENSG00000143222	1	1	0	0
ENSG00000143224	0	1	0	0
ENSG00000143228	1	1	1	1
ENSG00000143248	0	1	0	0
ENSG00000143258	0	0	1	1
ENSG00000143294	1	0	1	0
ENSG00000143303	0	1	1	0
ENSG00000143314	0	0	0	1
ENSG00000143315	1	1	0	1
ENSG00000143319	1	1	1	1
ENSG00000143320	0	1	0	1
ENSG00000143324	0	0	1	0
ENSG00000143337	0	1	0	0
ENSG00000143344	0	1	0	0
ENSG00000143373	0	1	0	0
ENSG00000143382	0	0	0	1
ENSG00000143390	1	1	0	1
ENSG00000143393	0	1	1	0
ENSG00000143401	1	1	1	1
ENSG00000143409	0	1	0	0
ENSG00000143418	0	0	1	0
ENSG00000143442	0	1	0	0
ENSG00000143457	1	1	0	0
ENSG00000143476	1	1	0	0
ENSG00000143493	0	0	1	0
ENSG00000143494	0	1	1	0
ENSG00000143543	1	1	1	1
ENSG00000143569	1	0	0	1
ENSG00000143570	0	1	1	1
ENSG00000143578	0	1	0	1
ENSG00000143612	0	1	1	1
ENSG00000143614	0	1	0	0
ENSG00000143621	0	1	0	0
ENSG00000143653	0	0	1	0
ENSG00000143674	0	1	1	0
ENSG00000143742	0	1	0	0
ENSG00000143761	0	1	0	0
ENSG00000143772	0	1	0	0
ENSG00000143776	1	1	0	0
ENSG00000143786	0	1	0	0
ENSG00000143793	0	1	0	0
ENSG00000143799	0	1	0	1
ENSG00000143801	0	1	0	1
ENSG00000143811	0	1	1	0
ENSG00000143815	0	0	1	0
ENSG00000143819	0	1	0	0
ENSG00000143878	0	1	1	0
ENSG00000143947	0	1	0	0
ENSG00000143951	0	1	0	0
ENSG00000143970	0	1	0	1
ENSG00000143977	0	0	0	1
ENSG00000143995	0	1	0	0
ENSG00000144021	0	1	0	1
ENSG00000144026	0	1	0	0
ENSG00000144029	0	0	0	1
ENSG00000144120	0	1	1	0
ENSG00000144136	1	1	1	1
ENSG00000144228	0	1	1	1
ENSG00000144233	0	1	0	1
ENSG00000144278	0	0	1	0
ENSG00000144320	0	1	1	1
ENSG00000144331	0	1	0	0
ENSG00000144339	0	1	0	0
ENSG00000144355	0	1	0	0
ENSG00000144362	0	1	0	0
ENSG00000144366	1	1	1	1
ENSG00000144426	0	0	0	1
ENSG00000144468	0	1	0	0
ENSG00000144560	0	1	0	0
ENSG00000144566	1	1	1	1
ENSG00000144580	0	0	0	1
ENSG00000144591	1	0	1	0
ENSG00000144635	0	1	0	0
ENSG00000144647	0	1	1	0
ENSG00000144649	0	1	0	0
ENSG00000144659	0	0	1	0
ENSG00000144674	0	0	1	1
ENSG00000144713	0	1	0	1
ENSG00000144741	0	1	0	1
ENSG00000144747	0	1	0	1
ENSG00000144749	0	0	1	0
ENSG00000144785	1	0	0	0
ENSG00000144791	1	1	0	0
ENSG00000144815	1	1	0	0
ENSG00000144824	0	0	1	0
ENSG00000144848	0	0	0	1
ENSG00000144909	0	1	0	0
ENSG00000145012	0	0	0	1
ENSG00000145022	0	1	0	0
ENSG00000145107	1	0	0	1
ENSG00000145147	0	1	0	0
ENSG00000145216	1	1	1	0
ENSG00000145220	0	1	1	1
ENSG00000145247	1	1	0	1
ENSG00000145284	0	1	0	0
ENSG00000145293	0	0	1	0
ENSG00000145332	0	1	0	1
ENSG00000145335	0	1	0	0
ENSG00000145348	0	1	0	0
ENSG00000145349	1	1	1	0
ENSG00000145362	0	1	0	0
ENSG00000145365	0	1	0	1
ENSG00000145386	0	0	1	1
ENSG00000145388	0	0	0	1
ENSG00000145390	0	1	0	0
ENSG00000145414	0	1	0	1
ENSG00000145431	0	1	0	0
ENSG00000145439	0	1	0	1
ENSG00000145555	0	1	0	1
ENSG00000145604	0	1	0	1
ENSG00000145623	0	0	0	1
ENSG00000145675	0	1	1	0
ENSG00000145703	0	0	1	0
ENSG00000145715	0	1	0	0
ENSG00000145730	0	1	1	0
ENSG00000145740	0	1	0	1
ENSG00000145741	1	1	0	1
ENSG00000145780	1	1	1	1
ENSG00000145782	0	1	0	0
ENSG00000145817	0	1	0	1
ENSG00000145868	0	1	0	0
ENSG00000145901	0	0	1	1
ENSG00000145907	0	1	0	0
ENSG00000145912	1	1	1	1
ENSG00000145916	0	1	0	0
ENSG00000145919	1	1	0	1
ENSG00000145979	0	1	1	0
ENSG00000145982	0	1	0	0
ENSG00000145990	0	1	0	0
ENSG00000145996	0	1	0	0
ENSG00000146063	0	1	1	1
ENSG00000146072	0	1	1	1
ENSG00000146083	0	1	1	0
ENSG00000146223	0	1	0	0
ENSG00000146233	0	1	0	0
ENSG00000146242	0	1	0	0
ENSG00000146247	0	1	1	1
ENSG00000146263	0	1	0	0
ENSG00000146278	0	1	1	0
ENSG00000146410	0	1	0	0
ENSG00000146411	0	1	0	0
ENSG00000146414	0	1	0	0
ENSG00000146426	1	1	1	1
ENSG00000146457	1	1	0	1
ENSG00000146540	0	1	0	0
ENSG00000146587	0	1	1	0
ENSG00000146592	0	1	0	0
ENSG00000146733	1	1	1	1
ENSG00000146757	0	0	0	1
ENSG00000146802	0	0	0	1
ENSG00000146834	0	1	1	1
ENSG00000146856	0	1	0	0
ENSG00000146918	0	1	0	0
ENSG00000147010	0	1	0	0
ENSG00000147041	0	0	0	1
ENSG00000147044	0	1	1	0
ENSG00000147050	0	0	1	0
ENSG00000147099	0	1	0	0
ENSG00000147124	0	0	1	0
ENSG00000147130	0	1	0	0
ENSG00000147140	1	1	1	1
ENSG00000147144	0	1	0	0
ENSG00000147155	0	1	1	0
ENSG00000147162	0	1	0	0
ENSG00000147180	0	1	0	0
ENSG00000147202	0	1	0	0
ENSG00000147224	1	0	0	0
ENSG00000147257	0	1	1	0
ENSG00000147324	0	1	0	0
ENSG00000147383	0	1	0	1
ENSG00000147403	1	0	0	1
ENSG00000147408	0	0	0	1
ENSG00000147419	0	1	0	0
ENSG00000147475	0	1	0	1
ENSG00000147548	0	1	1	0
ENSG00000147576	0	1	1	1
ENSG00000147604	1	1	1	0
ENSG00000147606	0	0	1	0
ENSG00000147649	0	0	1	1
ENSG00000147654	0	1	0	0
ENSG00000147669	1	1	0	0
ENSG00000147853	0	1	0	0
ENSG00000147874	0	1	0	0
ENSG00000147883	0	0	1	0
ENSG00000148143	0	1	0	1
ENSG00000148153	0	0	0	1
ENSG00000148229	1	1	0	0
ENSG00000148308	0	0	1	0
ENSG00000148334	0	1	1	1
ENSG00000148335	0	1	0	0
ENSG00000148343	0	1	0	0
ENSG00000148384	0	0	0	1
ENSG00000148396	0	1	0	0
ENSG00000148411	0	1	0	0
ENSG00000148426	0	1	1	0
ENSG00000148429	0	1	0	0
ENSG00000148498	0	1	0	0
ENSG00000148634	0	1	1	1
ENSG00000148700	0	1	0	1
ENSG00000148737	0	1	0	0
ENSG00000148773	1	1	0	1
ENSG00000148842	0	0	0	1
ENSG00000148926	0	1	0	1
ENSG00000148935	0	0	1	0
ENSG00000149054	0	1	0	0
ENSG00000149136	0	1	0	0
ENSG00000149150	0	0	1	0
ENSG00000149179	0	1	0	0
ENSG00000149187	0	1	0	1
ENSG00000149196	0	1	0	0
ENSG00000149212	0	1	0	0
ENSG00000149231	1	1	0	0
ENSG00000149257	0	1	0	0
ENSG00000149269	0	1	0	1
ENSG00000149292	0	1	0	0
ENSG00000149294	0	1	0	0
ENSG00000149311	0	1	0	0
ENSG00000149346	0	1	0	0
ENSG00000149418	0	0	0	1
ENSG00000149474	0	1	1	0
ENSG00000149476	0	0	0	1
ENSG00000149480	0	1	1	1
ENSG00000149483	1	1	0	1
ENSG00000149547	1	1	1	0
ENSG00000149636	1	1	0	0
ENSG00000149658	0	1	1	0
ENSG00000149761	0	0	0	1
ENSG00000149809	0	0	1	1
ENSG00000149923	0	1	1	0
ENSG00000149925	0	1	0	0
ENSG00000149929	0	1	0	0
ENSG00000149930	0	0	0	1
ENSG00000149948	0	1	1	1
ENSG00000150093	1	0	0	0
ENSG00000150403	0	1	1	0
ENSG00000150433	1	1	0	0
ENSG00000150455	0	1	0	1
ENSG00000150457	0	1	1	0
ENSG00000150471	0	1	0	0
ENSG00000150551	0	1	0	0
ENSG00000150593	0	0	0	1
ENSG00000150630	1	0	0	0
ENSG00000150687	0	0	0	1
ENSG00000150768	0	1	1	0
ENSG00000150776	0	1	1	0
ENSG00000150782	1	0	0	1
ENSG00000150907	0	0	0	1
ENSG00000150967	0	1	0	0
ENSG00000150995	0	1	0	0
ENSG00000151012	0	0	0	1
ENSG00000151090	0	1	0	0
ENSG00000151135	1	0	0	0
ENSG00000151136	0	1	0	0
ENSG00000151148	1	1	0	1
ENSG00000151229	0	1	0	0
ENSG00000151276	0	1	0	0
ENSG00000151287	0	1	0	0
ENSG00000151292	0	1	1	1
ENSG00000151338	0	1	0	0
ENSG00000151348	0	1	1	0
ENSG00000151366	0	1	0	0
ENSG00000151414	0	1	0	0
ENSG00000151422	0	1	0	0
ENSG00000151458	0	1	0	1
ENSG00000151461	0	1	0	0
ENSG00000151465	0	1	0	0
ENSG00000151466	0	1	0	0
ENSG00000151491	0	0	1	0
ENSG00000151500	0	1	1	0
ENSG00000151502	0	1	0	1
ENSG00000151503	0	1	0	0
ENSG00000151617	0	1	0	0
ENSG00000151665	0	1	0	0
ENSG00000151689	0	1	0	0
ENSG00000151690	0	1	0	0
ENSG00000151692	0	0	1	0
ENSG00000151693	0	1	0	0
ENSG00000151729	0	1	0	1
ENSG00000151748	1	1	0	1
ENSG00000151806	0	1	0	1
ENSG00000151881	0	1	0	0
ENSG00000151923	0	1	0	0
ENSG00000152078	0	1	1	1
ENSG00000152127	1	0	0	0
ENSG00000152137	0	0	1	1
ENSG00000152147	0	1	0	1
ENSG00000152219	0	0	0	1
ENSG00000152242	0	1	0	1
ENSG00000152270	0	1	1	0
ENSG00000152348	0	1	0	0
ENSG00000152402	0	1	0	0
ENSG00000152409	0	1	0	0
ENSG00000152413	1	1	0	0
ENSG00000152443	0	1	0	0
ENSG00000152464	0	1	0	0
ENSG00000152601	1	1	1	1
ENSG00000152684	1	1	0	1
ENSG00000152689	0	0	1	0
ENSG00000152700	1	1	0	1
ENSG00000152766	0	0	0	1
ENSG00000152795	0	1	0	0
ENSG00000152904	0	1	1	0
ENSG00000152990	0	1	1	0
ENSG00000153037	0	1	0	1
ENSG00000153066	0	1	0	0
ENSG00000153071	1	0	1	0
ENSG00000153093	0	0	0	1
ENSG00000153094	0	1	0	0
ENSG00000153107	1	1	0	0
ENSG00000153130	0	0	1	0
ENSG00000153132	1	0	0	1
ENSG00000153147	0	1	1	1
ENSG00000153187	1	0	1	1
ENSG00000153201	0	1	0	0
ENSG00000153207	0	0	1	0
ENSG00000153292	0	0	0	1
ENSG00000153310	1	1	0	1
ENSG00000153317	0	1	1	0
ENSG00000153339	0	1	0	1
ENSG00000153721	0	0	1	0
ENSG00000153774	0	1	0	0
ENSG00000153786	0	1	0	1
ENSG00000153790	0	0	1	0
ENSG00000153827	0	0	0	1
ENSG00000153879	0	1	0	0
ENSG00000153885	0	1	0	0
ENSG00000153898	0	1	0	0
ENSG00000153922	0	1	0	0
ENSG00000153936	0	1	1	1
ENSG00000153975	0	1	0	1
ENSG00000154001	1	0	1	1
ENSG00000154102	0	1	0	0
ENSG00000154114	0	1	0	0
ENSG00000154122	0	1	0	1
ENSG00000154127	0	1	0	0
ENSG00000154174	0	1	0	1
ENSG00000154217	1	1	0	0
ENSG00000154310	0	1	1	1
ENSG00000154319	0	1	0	0
ENSG00000154380	0	1	1	0
ENSG00000154447	1	0	0	1
ENSG00000154518	0	1	0	0
ENSG00000154556	0	1	0	0
ENSG00000154582	1	1	1	0
ENSG00000154710	0	1	0	0
ENSG00000154723	1	0	0	0
ENSG00000154727	0	1	1	0
ENSG00000154734	1	0	1	0
ENSG00000154743	0	1	0	0
ENSG00000154760	0	0	0	1
ENSG00000154803	0	1	1	1
ENSG00000154814	0	1	0	0
ENSG00000154889	0	1	0	1
ENSG00000154945	0	1	0	0
ENSG00000155096	1	1	0	1
ENSG00000155097	1	0	0	0
ENSG00000155189	0	1	0	0
ENSG00000155256	0	1	0	0
ENSG00000155330	0	1	0	0
ENSG00000155366	0	1	0	0
ENSG00000155380	1	1	0	0
ENSG00000155393	0	1	0	0
ENSG00000155508	0	1	0	1
ENSG00000155592	0	1	0	0
ENSG00000155660	0	0	0	1
ENSG00000155729	0	1	0	0
ENSG00000155816	0	1	0	0
ENSG00000155868	0	1	0	0
ENSG00000155876	0	0	0	1
ENSG00000155975	0	1	0	0
ENSG00000156030	1	1	1	1
ENSG00000156052	0	1	0	0
ENSG00000156113	1	0	0	0
ENSG00000156140	0	1	0	0
ENSG00000156171	1	1	1	1
ENSG00000156232	0	1	0	0
ENSG00000156256	0	1	1	0
ENSG00000156261	0	1	0	0
ENSG00000156299	0	1	0	0
ENSG00000156304	1	0	1	0
ENSG00000156313	0	1	0	0
ENSG00000156345	0	1	0	0
ENSG00000156381	0	1	0	1
ENSG00000156411	1	1	0	1
ENSG00000156482	0	0	1	0
ENSG00000156504	0	1	0	0
ENSG00000156508	1	1	0	0
ENSG00000156531	1	1	1	1
ENSG00000156599	1	1	1	1
ENSG00000156650	1	1	1	1
ENSG00000156709	0	0	1	1
ENSG00000156802	0	0	0	1
ENSG00000156831	1	0	0	1
ENSG00000156853	0	1	0	1
ENSG00000156858	0	1	0	0
ENSG00000156860	0	1	0	1
ENSG00000156875	0	1	0	0
ENSG00000156931	0	1	0	0
ENSG00000156959	0	1	0	0
ENSG00000156983	0	1	1	0
ENSG00000157014	0	1	1	0
ENSG00000157077	0	1	1	0
ENSG00000157106	0	1	0	1
ENSG00000157110	0	0	1	0
ENSG00000157181	0	0	0	1
ENSG00000157193	0	1	0	0
ENSG00000157214	0	1	0	0
ENSG00000157216	0	0	1	1
ENSG00000157224	1	1	1	1
ENSG00000157350	1	1	1	0
ENSG00000157450	0	1	0	1
ENSG00000157456	0	0	0	1
ENSG00000157483	0	1	0	1
ENSG00000157514	0	0	0	1
ENSG00000157557	0	1	0	1
ENSG00000157600	0	0	0	1
ENSG00000157637	0	1	1	0
ENSG00000157778	1	0	0	0
ENSG00000157827	0	1	0	0
ENSG00000157916	0	1	0	1
ENSG00000157954	0	1	1	1
ENSG00000157985	0	1	0	0
ENSG00000158062	0	1	0	0
ENSG00000158092	0	1	0	1
ENSG00000158169	0	1	0	0
ENSG00000158195	0	1	1	1
ENSG00000158234	0	0	0	1
ENSG00000158292	0	1	0	1
ENSG00000158301	0	1	0	0
ENSG00000158321	0	1	0	0
ENSG00000158406	0	1	0	0
ENSG00000158417	0	0	0	1
ENSG00000158427	0	1	0	0
ENSG00000158470	0	1	0	0
ENSG00000158480	0	0	1	1
ENSG00000158528	0	1	0	0
ENSG00000158545	1	0	0	1
ENSG00000158555	0	0	1	0
ENSG00000158604	0	1	0	0
ENSG00000158615	1	1	1	0
ENSG00000158669	1	1	1	0
ENSG00000158691	0	1	0	0
ENSG00000158711	0	1	0	0
ENSG00000158715	0	1	0	0
ENSG00000158796	0	1	1	1
ENSG00000158850	0	1	1	1
ENSG00000158856	0	0	1	0
ENSG00000158882	0	1	1	0
ENSG00000158985	1	1	0	1
ENSG00000159069	0	1	0	0
ENSG00000159079	0	0	1	0
ENSG00000159128	0	1	0	1
ENSG00000159131	0	1	0	0
ENSG00000159164	0	1	0	0
ENSG00000159184	1	0	0	0
ENSG00000159199	0	0	0	1
ENSG00000159202	0	1	0	0
ENSG00000159228	0	0	0	1
ENSG00000159259	0	1	0	1
ENSG00000159263	0	1	0	0
ENSG00000159346	0	1	0	0
ENSG00000159387	0	1	0	0
ENSG00000159399	1	0	0	1
ENSG00000159423	0	1	0	0
ENSG00000159579	1	1	1	1
ENSG00000159592	1	1	1	1
ENSG00000159593	0	1	0	0
ENSG00000159596	1	0	0	1
ENSG00000159658	0	1	1	0
ENSG00000159792	0	1	0	0
ENSG00000159882	0	1	0	1
ENSG00000159899	0	0	1	0
ENSG00000160014	1	1	0	1
ENSG00000160062	0	1	0	0
ENSG00000160087	0	1	0	1
ENSG00000160113	0	1	1	0
ENSG00000160190	1	0	0	0
ENSG00000160216	0	1	0	0
ENSG00000160226	0	1	0	0
ENSG00000160233	0	1	0	0
ENSG00000160271	0	1	0	0
ENSG00000160293	0	1	1	0
ENSG00000160294	0	1	1	0
ENSG00000160298	0	1	0	1
ENSG00000160310	1	1	0	1
ENSG00000160345	0	1	0	0
ENSG00000160352	0	0	0	1
ENSG00000160447	0	1	1	0
ENSG00000160551	0	1	1	0
ENSG00000160570	0	1	0	0
ENSG00000160613	1	1	0	0
ENSG00000160633	0	1	0	0
ENSG00000160679	1	1	0	1
ENSG00000160688	0	1	0	0
ENSG00000160691	1	1	0	0
ENSG00000160703	0	1	0	0
ENSG00000160752	1	1	1	1
ENSG00000160785	0	1	0	0
ENSG00000160867	0	0	1	0
ENSG00000160888	1	1	0	0
ENSG00000160908	0	1	0	1
ENSG00000160948	0	1	0	0
ENSG00000160959	1	0	0	0
ENSG00000160972	1	1	1	1
ENSG00000160991	1	1	0	1
ENSG00000161021	0	1	0	0
ENSG00000161202	0	1	0	0
ENSG00000161203	1	1	1	1
ENSG00000161217	0	1	0	0
ENSG00000161298	0	1	0	0
ENSG00000161533	0	1	0	0
ENSG00000161547	1	0	0	1
ENSG00000161682	0	1	0	0
ENSG00000161692	1	1	0	1
ENSG00000161800	0	1	1	1
ENSG00000161813	0	1	0	0
ENSG00000161921	0	1	1	0
ENSG00000161956	1	1	0	0
ENSG00000161970	0	1	1	1
ENSG00000161981	0	1	1	0
ENSG00000162065	0	1	0	0
ENSG00000162073	0	0	0	1
ENSG00000162076	0	1	1	1
ENSG00000162104	0	1	0	0
ENSG00000162144	1	1	1	1
ENSG00000162174	0	1	0	0
ENSG00000162222	1	1	0	0
ENSG00000162434	0	1	0	0
ENSG00000162441	1	1	1	1
ENSG00000162496	0	0	0	1
ENSG00000162542	0	0	0	1
ENSG00000162545	0	0	0	1
ENSG00000162607	0	1	0	1
ENSG00000162639	0	0	0	1
ENSG00000162664	0	1	0	0
ENSG00000162688	0	1	0	0
ENSG00000162694	0	1	1	0
ENSG00000162695	0	1	0	0
ENSG00000162714	0	1	0	0
ENSG00000162734	0	0	0	1
ENSG00000162745	0	1	0	0
ENSG00000162757	0	1	0	0
ENSG00000162813	0	1	1	0
ENSG00000162819	1	1	0	1
ENSG00000162836	0	1	1	1
ENSG00000162851	0	1	1	0
ENSG00000162878	0	1	0	0
ENSG00000162910	1	1	1	1
ENSG00000162923	0	1	0	0
ENSG00000162929	0	0	1	1
ENSG00000162961	0	0	1	0
ENSG00000162971	0	1	0	1
ENSG00000162972	0	1	0	0
ENSG00000162980	0	0	1	0
ENSG00000162999	0	1	0	0
ENSG00000163029	0	1	0	1
ENSG00000163050	0	1	0	0
ENSG00000163053	0	1	0	1
ENSG00000163071	0	1	0	0
ENSG00000163110	0	1	0	0
ENSG00000163138	0	1	0	0
ENSG00000163155	0	1	0	0
ENSG00000163161	0	1	0	0
ENSG00000163162	0	0	0	1
ENSG00000163171	0	1	0	0
ENSG00000163251	0	1	1	0
ENSG00000163257	1	1	1	1
ENSG00000163297	0	1	0	0
ENSG00000163312	0	0	0	1
ENSG00000163320	1	1	1	0
ENSG00000163347	0	0	1	0
ENSG00000163349	0	1	0	0
ENSG00000163378	0	1	0	0
ENSG00000163399	0	1	0	0
ENSG00000163435	0	0	0	1
ENSG00000163472	1	1	0	0
ENSG00000163510	0	1	0	0
ENSG00000163512	0	1	1	1
ENSG00000163513	0	0	1	0
ENSG00000163516	0	1	0	0
ENSG00000163521	0	1	0	0
ENSG00000163527	0	1	1	0
ENSG00000163535	0	1	0	0
ENSG00000163558	0	1	1	1
ENSG00000163590	0	1	0	0
ENSG00000163605	0	1	0	0
ENSG00000163611	0	0	0	1
ENSG00000163624	0	0	0	1
ENSG00000163629	0	1	0	0
ENSG00000163638	0	0	1	0
ENSG00000163681	0	1	1	0
ENSG00000163683	0	1	0	1
ENSG00000163684	0	1	0	0
ENSG00000163694	0	1	1	0
ENSG00000163697	0	1	0	1
ENSG00000163702	0	1	0	1
ENSG00000163710	0	1	0	0
ENSG00000163735	0	0	1	0
ENSG00000163788	0	1	0	0
ENSG00000163798	0	1	0	0
ENSG00000163812	0	1	0	1
ENSG00000163832	0	1	0	0
ENSG00000163848	0	1	0	1
ENSG00000163867	0	1	0	0
ENSG00000163870	0	1	1	1
ENSG00000163882	0	1	1	0
ENSG00000163918	1	1	0	0
ENSG00000163923	1	1	1	1
ENSG00000163932	0	1	0	0
ENSG00000163935	1	1	0	0
ENSG00000163939	0	1	0	0
ENSG00000163946	0	1	0	1
ENSG00000163961	1	1	1	1
ENSG00000163993	0	0	0	1
ENSG00000164002	0	1	0	0
ENSG00000164010	0	1	0	0
ENSG00000164023	0	1	0	0
ENSG00000164032	0	1	0	1
ENSG00000164039	0	1	0	0
ENSG00000164045	0	0	1	0
ENSG00000164056	1	1	0	0
ENSG00000164068	0	0	1	0
ENSG00000164070	0	1	0	1
ENSG00000164074	0	0	0	1
ENSG00000164080	0	0	0	1
ENSG00000164081	0	1	0	0
ENSG00000164091	0	1	1	1
ENSG00000164093	0	1	0	0
ENSG00000164104	0	1	0	0
ENSG00000164105	0	0	0	1
ENSG00000164107	0	1	0	0
ENSG00000164111	1	0	0	1
ENSG00000164114	0	1	0	0
ENSG00000164116	0	1	0	0
ENSG00000164117	0	1	0	1
ENSG00000164118	0	1	0	0
ENSG00000164120	0	0	0	1
ENSG00000164128	1	0	0	0
ENSG00000164134	0	1	1	1
ENSG00000164142	0	1	0	0
ENSG00000164144	0	1	0	1
ENSG00000164151	0	1	0	0
ENSG00000164162	0	1	0	1
ENSG00000164163	0	1	0	1
ENSG00000164164	0	1	0	0
ENSG00000164167	0	1	0	0
ENSG00000164168	1	1	1	1
ENSG00000164169	0	0	0	1
ENSG00000164180	0	1	0	1
ENSG00000164187	1	1	0	1
ENSG00000164190	0	1	0	1
ENSG00000164211	0	1	0	1
ENSG00000164244	1	1	0	1
ENSG00000164266	0	0	1	0
ENSG00000164291	0	1	0	0
ENSG00000164296	0	1	0	0
ENSG00000164305	0	1	0	0
ENSG00000164306	0	1	0	1
ENSG00000164308	0	1	0	0
ENSG00000164329	0	1	0	1
ENSG00000164331	1	0	0	0
ENSG00000164346	0	1	0	0
ENSG00000164347	0	1	0	1
ENSG00000164403	0	1	0	0
ENSG00000164405	1	1	0	1
ENSG00000164418	0	0	0	1
ENSG00000164442	1	0	0	0
ENSG00000164466	0	1	0	1
ENSG00000164494	0	0	0	1
ENSG00000164532	0	0	0	1
ENSG00000164535	1	1	0	0
ENSG00000164543	0	0	0	1
ENSG00000164548	0	1	0	1
ENSG00000164576	0	1	1	0
ENSG00000164587	1	0	0	1
ENSG00000164609	0	1	0	0
ENSG00000164611	0	1	0	0
ENSG00000164620	0	1	0	0
ENSG00000164631	0	0	1	0
ENSG00000164647	0	0	0	1
ENSG00000164654	0	1	1	0
ENSG00000164663	0	1	0	0
ENSG00000164683	0	0	0	1
ENSG00000164715	0	1	0	0
ENSG00000164733	0	1	0	1
ENSG00000164751	0	1	0	0
ENSG00000164754	0	1	0	0
ENSG00000164850	0	0	1	0
ENSG00000164889	1	1	1	1
ENSG00000164896	1	1	1	0
ENSG00000164897	0	1	0	0
ENSG00000164919	1	1	0	0
ENSG00000164920	0	1	0	0
ENSG00000164924	1	1	1	1
ENSG00000164930	1	1	0	0
ENSG00000164934	0	1	0	1
ENSG00000164949	0	0	0	1
ENSG00000164961	0	1	0	1
ENSG00000164967	0	1	0	1
ENSG00000164976	0	0	1	0
ENSG00000164978	0	1	1	0
ENSG00000165029	0	0	1	1
ENSG00000165030	1	1	0	0
ENSG00000165118	0	1	0	1
ENSG00000165119	0	1	0	1
ENSG00000165156	0	1	1	0
ENSG00000165175	1	1	1	1
ENSG00000165185	0	1	0	0
ENSG00000165194	0	1	0	0
ENSG00000165209	1	1	0	0
ENSG00000165219	0	1	0	0
ENSG00000165240	0	1	0	0
ENSG00000165244	0	1	0	0
ENSG00000165280	1	0	0	0
ENSG00000165282	0	1	0	0
ENSG00000165304	0	1	0	0
ENSG00000165322	0	1	0	0
ENSG00000165355	0	1	0	1
ENSG00000165392	0	1	0	1
ENSG00000165406	0	1	0	0
ENSG00000165417	0	1	0	0
ENSG00000165434	0	1	0	0
ENSG00000165449	0	1	0	1
ENSG00000165458	0	1	0	0
ENSG00000165490	0	1	0	1
ENSG00000165494	0	0	0	1
ENSG00000165502	0	0	0	1
ENSG00000165507	0	1	0	0
ENSG00000165516	0	1	0	1
ENSG00000165521	0	1	0	0
ENSG00000165525	0	1	0	0
ENSG00000165527	1	1	0	1
ENSG00000165572	0	1	0	0
ENSG00000165609	0	1	1	0
ENSG00000165630	0	1	0	0
ENSG00000165650	0	1	1	1
ENSG00000165655	0	1	0	0
ENSG00000165669	0	1	1	0
ENSG00000165678	0	1	0	1
ENSG00000165689	0	1	1	0
ENSG00000165699	0	1	0	0
ENSG00000165732	0	1	0	0
ENSG00000165757	0	1	0	0
ENSG00000165802	0	1	0	1
ENSG00000165813	0	1	0	0
ENSG00000165819	0	1	0	1
ENSG00000165861	1	0	0	0
ENSG00000165886	0	1	0	0
ENSG00000165912	0	0	1	1
ENSG00000165934	0	1	0	1
ENSG00000166002	0	1	0	0
ENSG00000166016	0	1	0	1
ENSG00000166024	0	1	0	1
ENSG00000166037	0	1	0	1
ENSG00000166068	1	1	1	1
ENSG00000166073	1	1	0	0
ENSG00000166130	0	1	0	1
ENSG00000166169	0	1	0	0
ENSG00000166181	0	1	0	1
ENSG00000166188	0	1	0	0
ENSG00000166199	1	1	0	1
ENSG00000166225	0	1	0	1
ENSG00000166226	0	1	0	1
ENSG00000166233	0	1	0	0
ENSG00000166261	0	1	1	0
ENSG00000166262	0	1	0	0
ENSG00000166263	0	1	0	0
ENSG00000166266	0	1	1	1
ENSG00000166292	0	1	0	0
ENSG00000166295	0	1	0	1
ENSG00000166326	0	1	0	0
ENSG00000166348	1	1	0	0
ENSG00000166352	0	1	0	0
ENSG00000166396	1	0	0	0
ENSG00000166435	0	0	0	1
ENSG00000166444	0	1	0	0
ENSG00000166451	0	1	1	1
ENSG00000166452	0	1	0	0
ENSG00000166503	1	1	0	0
ENSG00000166507	0	1	0	0
ENSG00000166508	0	0	0	1
ENSG00000166562	0	1	0	0
ENSG00000166579	0	1	0	1
ENSG00000166598	0	1	0	0
ENSG00000166619	0	1	0	1
ENSG00000166669	0	1	0	0
ENSG00000166681	1	1	1	0
ENSG00000166734	0	0	0	1
ENSG00000166747	1	1	0	1
ENSG00000166803	0	1	0	0
ENSG00000166821	0	1	0	0
ENSG00000166845	1	1	0	0
ENSG00000166847	0	1	0	1
ENSG00000166855	0	1	1	1
ENSG00000166888	0	0	0	1
ENSG00000166913	1	1	0	1
ENSG00000166925	0	1	1	1
ENSG00000166949	0	1	0	0
ENSG00000166971	0	1	0	1
ENSG00000166987	0	0	0	1
ENSG00000167005	0	1	0	1
ENSG00000167065	0	1	1	0
ENSG00000167085	1	0	0	0
ENSG00000167088	1	0	0	1
ENSG00000167113	0	1	0	0
ENSG00000167136	1	1	1	1
ENSG00000167173	0	1	1	0
ENSG00000167183	0	0	0	1
ENSG00000167191	0	1	1	0
ENSG00000167220	0	1	0	1
ENSG00000167232	0	0	0	1
ENSG00000167258	1	1	0	1
ENSG00000167264	0	1	0	1
ENSG00000167283	0	0	1	0
ENSG00000167315	0	0	0	1
ENSG00000167323	0	1	0	0
ENSG00000167325	0	1	0	0
ENSG00000167377	1	1	0	0
ENSG00000167380	0	1	0	1
ENSG00000167394	0	1	0	0
ENSG00000167470	0	1	0	0
ENSG00000167491	0	1	1	0
ENSG00000167522	0	1	1	1
ENSG00000167526	0	1	1	0
ENSG00000167543	0	1	1	0
ENSG00000167548	0	1	1	0
ENSG00000167601	1	0	0	0
ENSG00000167604	0	1	0	0
ENSG00000167625	1	1	0	1
ENSG00000167635	1	1	1	1
ENSG00000167637	0	1	0	0
ENSG00000167642	1	1	0	1
ENSG00000167685	1	1	0	0
ENSG00000167700	1	1	1	1
ENSG00000167721	0	1	0	0
ENSG00000167733	0	1	0	0
ENSG00000167747	1	1	1	1
ENSG00000167766	1	0	0	0
ENSG00000167779	0	0	0	1
ENSG00000167785	1	1	0	0
ENSG00000167792	1	1	1	1
ENSG00000167815	0	1	1	1
ENSG00000167842	1	1	0	1
ENSG00000167900	1	1	0	1
ENSG00000167904	0	1	0	1
ENSG00000167920	0	1	0	0
ENSG00000167925	0	1	0	0
ENSG00000167930	0	1	0	1
ENSG00000167965	0	1	0	0
ENSG00000167972	0	1	0	1
ENSG00000167978	0	1	0	1
ENSG00000167981	0	1	0	0
ENSG00000167986	0	0	1	1
ENSG00000167996	1	1	0	0
ENSG00000168000	0	1	0	0
ENSG00000168003	0	0	0	1
ENSG00000168028	0	1	0	0
ENSG00000168036	0	1	0	1
ENSG00000168066	0	1	1	0
ENSG00000168078	1	1	0	0
ENSG00000168118	0	1	0	0
ENSG00000168137	0	1	1	0
ENSG00000168175	0	1	0	1
ENSG00000168209	0	0	0	1
ENSG00000168234	0	1	0	0
ENSG00000168246	0	1	0	0
ENSG00000168256	0	1	0	0
ENSG00000168280	0	1	0	0
ENSG00000168282	1	1	0	1
ENSG00000168283	0	1	1	0
ENSG00000168286	0	1	0	0
ENSG00000168288	0	1	1	1
ENSG00000168310	0	1	0	1
ENSG00000168374	1	0	0	1
ENSG00000168385	1	1	0	0
ENSG00000168395	0	1	0	0
ENSG00000168434	0	1	0	1
ENSG00000168476	0	1	1	1
ENSG00000168496	0	1	0	1
ENSG00000168575	1	1	0	0
ENSG00000168591	0	1	0	0
ENSG00000168610	0	1	0	0
ENSG00000168612	0	1	0	1
ENSG00000168615	1	1	1	1
ENSG00000168646	0	1	0	0
ENSG00000168661	0	1	0	0
ENSG00000168672	1	0	0	0
ENSG00000168679	0	0	0	1
ENSG00000168734	1	1	0	0
ENSG00000168758	0	0	0	1
ENSG00000168765	0	0	1	0
ENSG00000168778	0	1	0	0
ENSG00000168785	0	1	0	0
ENSG00000168803	0	1	0	0
ENSG00000168813	0	1	0	0
ENSG00000168827	0	1	0	0
ENSG00000168876	0	1	0	0
ENSG00000168906	0	0	0	1
ENSG00000168913	0	1	0	0
ENSG00000168916	0	1	0	0
ENSG00000168917	0	1	0	0
ENSG00000168924	0	0	0	1
ENSG00000168936	0	1	0	0
ENSG00000168958	1	1	0	1
ENSG00000169016	0	1	0	0
ENSG00000169018	0	1	1	0
ENSG00000169032	0	0	1	1
ENSG00000169045	0	1	1	1
ENSG00000169047	0	1	1	1
ENSG00000169071	0	1	0	0
ENSG00000169118	1	1	0	0
ENSG00000169122	0	1	0	0
ENSG00000169136	0	1	1	0
ENSG00000169174	0	0	0	1
ENSG00000169180	0	1	1	0
ENSG00000169189	0	1	0	0
ENSG00000169193	0	0	1	1
ENSG00000169217	0	0	0	1
ENSG00000169228	1	1	0	1
ENSG00000169230	0	0	1	0
ENSG00000169251	1	1	0	1
ENSG00000169255	1	0	0	1
ENSG00000169258	0	1	0	0
ENSG00000169359	0	1	0	0
ENSG00000169371	0	1	0	0
ENSG00000169375	1	1	0	1
ENSG00000169379	0	1	0	1
ENSG00000169398	1	1	0	0
ENSG00000169410	0	1	0	0
ENSG00000169418	0	0	0	1
ENSG00000169439	0	1	1	0
ENSG00000169446	0	1	0	0
ENSG00000169499	0	0	0	1
ENSG00000169515	0	1	0	0
ENSG00000169554	0	1	0	0
ENSG00000169564	1	0	0	0
ENSG00000169592	0	1	0	0
ENSG00000169598	0	1	0	0
ENSG00000169612	0	1	0	0
ENSG00000169641	1	1	1	1
ENSG00000169660	0	1	1	0
ENSG00000169710	0	1	0	0
ENSG00000169714	1	0	1	0
ENSG00000169764	0	0	1	0
ENSG00000169783	0	1	0	0
ENSG00000169813	1	1	1	1
ENSG00000169826	0	1	0	0
ENSG00000169851	0	1	1	0
ENSG00000169860	0	1	0	0
ENSG00000169862	0	0	1	0
ENSG00000169902	0	1	1	1
ENSG00000169905	1	1	1	1
ENSG00000169908	0	0	1	0
ENSG00000169925	1	1	0	1
ENSG00000169933	0	1	0	0
ENSG00000169951	0	1	0	0
ENSG00000169957	0	1	0	0
ENSG00000169967	0	1	1	0
ENSG00000169981	0	1	0	0
ENSG00000169991	0	0	1	0
ENSG00000169992	0	1	0	0
ENSG00000170017	0	1	1	0
ENSG00000170035	0	1	1	1
ENSG00000170037	1	1	1	0
ENSG00000170100	0	1	0	0
ENSG00000170142	0	1	0	0
ENSG00000170153	0	1	0	0
ENSG00000170185	1	1	1	1
ENSG00000170242	0	1	0	0
ENSG00000170248	1	1	0	1
ENSG00000170291	0	1	0	0
ENSG00000170312	1	0	1	0
ENSG00000170315	1	1	0	0
ENSG00000170322	1	1	0	0
ENSG00000170340	0	1	0	1
ENSG00000170365	0	1	0	0
ENSG00000170381	0	1	0	1
ENSG00000170390	0	1	0	0
ENSG00000170412	1	1	0	1
ENSG00000170421	0	1	0	0
ENSG00000170458	0	0	0	1
ENSG00000170471	0	1	0	0
ENSG00000170502	0	1	0	0
ENSG00000170515	0	1	0	0
ENSG00000170522	0	1	0	1
ENSG00000170540	0	1	1	0
ENSG00000170545	1	0	0	0
ENSG00000170558	0	1	0	0
ENSG00000170571	0	1	0	0
ENSG00000170577	0	1	0	0
ENSG00000170606	1	1	1	1
ENSG00000170619	1	1	1	1
ENSG00000170632	0	0	0	1
ENSG00000170633	0	1	0	0
ENSG00000170677	1	1	0	1
ENSG00000170689	0	1	0	0
ENSG00000170734	0	1	0	0
ENSG00000170759	1	1	0	1
ENSG00000170775	0	1	0	0
ENSG00000170786	0	0	0	1
ENSG00000170791	0	1	0	1
ENSG00000170802	0	1	0	1
ENSG00000170852	1	1	1	1
ENSG00000170854	0	1	0	0
ENSG00000170871	0	1	0	0
ENSG00000170876	0	0	1	1
ENSG00000170903	0	1	0	1
ENSG00000170917	0	1	0	0
ENSG00000170949	1	1	0	0
ENSG00000170961	1	0	0	1
ENSG00000171033	1	1	0	1
ENSG00000171067	1	0	1	1
ENSG00000171126	0	1	0	0
ENSG00000171148	0	1	1	1
ENSG00000171150	0	1	0	0
ENSG00000171155	0	0	0	1
ENSG00000171160	1	1	0	0
ENSG00000171161	0	1	1	1
ENSG00000171208	0	1	0	0
ENSG00000171222	0	1	0	1
ENSG00000171223	0	0	0	1
ENSG00000171298	0	0	0	1
ENSG00000171302	1	1	1	1
ENSG00000171307	0	1	0	1
ENSG00000171316	0	1	0	1
ENSG00000171365	0	1	0	0
ENSG00000171425	0	1	0	0
ENSG00000171428	0	1	0	0
ENSG00000171466	0	1	0	0
ENSG00000171469	0	1	0	1
ENSG00000171475	0	0	1	1
ENSG00000171488	0	1	0	0
ENSG00000171492	1	1	1	0
ENSG00000171503	0	1	0	1
ENSG00000171552	1	1	1	1
ENSG00000171566	0	0	0	1
ENSG00000171574	0	1	0	0
ENSG00000171603	0	1	0	1
ENSG00000171604	0	1	0	1
ENSG00000171606	0	1	0	0
ENSG00000171617	0	1	1	1
ENSG00000171714	0	1	0	0
ENSG00000171723	0	1	0	0
ENSG00000171757	0	1	0	0
ENSG00000171759	0	0	1	0
ENSG00000171791	0	1	0	0
ENSG00000171792	1	1	1	0
ENSG00000171793	0	1	0	1
ENSG00000171806	0	1	0	0
ENSG00000171843	0	1	0	0
ENSG00000171853	0	1	0	0
ENSG00000171862	0	1	0	1
ENSG00000171863	0	1	0	0
ENSG00000171940	1	1	0	1
ENSG00000171956	0	1	0	0
ENSG00000172007	0	1	0	0
ENSG00000172046	0	1	0	0
ENSG00000172081	1	0	0	0
ENSG00000172086	1	1	0	0
ENSG00000172115	1	1	0	1
ENSG00000172164	0	0	0	1
ENSG00000172171	0	0	0	1
ENSG00000172172	0	1	0	0
ENSG00000172239	0	1	0	1
ENSG00000172244	0	1	0	0
ENSG00000172296	1	0	1	0
ENSG00000172315	0	1	0	0
ENSG00000172331	0	1	1	1
ENSG00000172336	0	1	0	0
ENSG00000172354	0	0	0	1
ENSG00000172375	0	1	0	0
ENSG00000172380	0	1	0	0
ENSG00000172465	0	0	0	1
ENSG00000172466	0	1	0	1
ENSG00000172469	0	1	0	0
ENSG00000172493	0	0	0	1
ENSG00000172534	1	1	0	0
ENSG00000172667	0	1	0	0
ENSG00000172671	0	1	0	0
ENSG00000172728	0	1	0	1
ENSG00000172733	0	1	0	0
ENSG00000172765	0	1	1	0
ENSG00000172766	0	1	0	0
ENSG00000172775	0	1	1	0
ENSG00000172809	0	1	1	1
ENSG00000172831	0	1	1	1
ENSG00000172840	0	1	0	0
ENSG00000172845	0	1	0	0
ENSG00000172869	0	1	0	0
ENSG00000172893	1	1	1	1
ENSG00000172915	0	1	0	0
ENSG00000172927	1	0	0	1
ENSG00000172932	0	0	1	0
ENSG00000172939	0	1	0	0
ENSG00000172954	0	1	0	0
ENSG00000172977	0	1	0	0
ENSG00000172985	0	1	0	0
ENSG00000172992	1	1	0	0
ENSG00000173039	0	1	0	0
ENSG00000173064	0	1	0	0
ENSG00000173065	0	1	0	0
ENSG00000173113	0	1	0	0
ENSG00000173120	1	1	0	0
ENSG00000173153	0	1	0	0
ENSG00000173207	0	0	1	0
ENSG00000173210	1	0	0	0
ENSG00000173214	0	1	1	0
ENSG00000173226	0	1	0	0
ENSG00000173230	0	0	0	1
ENSG00000173258	0	1	0	0
ENSG00000173276	0	1	0	0
ENSG00000173281	0	1	0	0
ENSG00000173327	0	1	0	0
ENSG00000173334	1	0	0	1
ENSG00000173376	0	1	0	0
ENSG00000173402	0	1	1	1
ENSG00000173456	1	1	1	0
ENSG00000173482	0	1	0	0
ENSG00000173486	0	1	1	0
ENSG00000173511	0	1	1	0
ENSG00000173517	0	1	1	0
ENSG00000173535	0	1	0	0
ENSG00000173548	1	1	1	0
ENSG00000173559	0	1	0	0
ENSG00000173575	0	1	1	1
ENSG00000173588	0	0	1	0
ENSG00000173599	0	0	1	0
ENSG00000173621	0	1	0	0
ENSG00000173638	0	0	0	1
ENSG00000173660	0	0	0	1
ENSG00000173692	0	0	0	1
ENSG00000173726	0	1	0	1
ENSG00000173801	0	1	0	1
ENSG00000173821	0	0	0	1
ENSG00000173875	0	1	0	0
ENSG00000173890	0	1	1	0
ENSG00000173905	0	1	0	1
ENSG00000173915	1	1	1	1
ENSG00000173918	0	1	0	0
ENSG00000173926	0	1	1	1
ENSG00000173960	0	1	0	1
ENSG00000174007	0	1	0	0
ENSG00000174010	0	1	0	0
ENSG00000174013	0	1	0	0
ENSG00000174021	1	0	0	1
ENSG00000174032	0	1	0	0
ENSG00000174132	0	1	0	0
ENSG00000174231	0	1	0	0
ENSG00000174243	1	1	1	1
ENSG00000174306	0	0	0	1
ENSG00000174327	0	0	0	1
ENSG00000174371	0	1	1	1
ENSG00000174373	0	1	0	0
ENSG00000174405	0	1	0	0
ENSG00000174437	0	1	0	0
ENSG00000174460	0	1	0	0
ENSG00000174547	0	1	1	1
ENSG00000174579	0	1	0	0
ENSG00000174606	0	1	0	0
ENSG00000174607	0	1	0	0
ENSG00000174652	1	1	0	0
ENSG00000174720	0	1	0	1
ENSG00000174721	0	1	0	0
ENSG00000174738	0	1	0	1
ENSG00000174744	0	1	0	1
ENSG00000174748	0	1	0	0
ENSG00000174775	0	1	0	0
ENSG00000174851	0	1	0	1
ENSG00000174915	0	1	0	0
ENSG00000174938	0	0	1	0
ENSG00000175029	0	1	0	0
ENSG00000175040	0	1	0	0
ENSG00000175073	1	1	0	1
ENSG00000175087	0	1	0	0
ENSG00000175104	0	1	0	0
ENSG00000175106	0	1	0	0
ENSG00000175137	0	1	1	1
ENSG00000175197	1	1	1	0
ENSG00000175215	0	1	1	1
ENSG00000175216	0	0	0	1
ENSG00000175221	0	1	0	0
ENSG00000175224	1	1	1	0
ENSG00000175283	0	1	0	0
ENSG00000175309	0	1	0	0
ENSG00000175324	1	1	1	0
ENSG00000175329	0	0	1	0
ENSG00000175334	1	1	0	1
ENSG00000175376	1	1	1	1
ENSG00000175387	0	1	0	1
ENSG00000175556	0	1	0	0
ENSG00000175567	0	1	1	1
ENSG00000175581	0	1	0	1
ENSG00000175582	1	1	1	1
ENSG00000175591	1	0	0	0
ENSG00000175592	1	0	0	0
ENSG00000175602	0	1	0	0
ENSG00000175606	0	1	0	0
ENSG00000175745	1	1	0	0
ENSG00000175756	1	1	1	0
ENSG00000175782	0	1	0	0
ENSG00000175826	1	1	1	1
ENSG00000175879	0	1	0	0
ENSG00000175893	0	1	0	0
ENSG00000175938	0	1	0	0
ENSG00000175984	0	1	0	0
ENSG00000176018	1	1	1	0
ENSG00000176049	0	1	0	0
ENSG00000176087	0	1	0	0
ENSG00000176102	0	1	0	1
ENSG00000176124	0	0	0	1
ENSG00000176125	0	1	0	0
ENSG00000176148	0	1	0	0
ENSG00000176165	0	1	0	0
ENSG00000176170	0	0	0	1
ENSG00000176204	0	1	0	0
ENSG00000176208	0	1	0	0
ENSG00000176209	0	1	1	0
ENSG00000176225	0	1	0	0
ENSG00000176261	0	1	0	0
ENSG00000176371	0	1	0	1
ENSG00000176386	0	1	0	0
ENSG00000176396	0	1	0	1
ENSG00000176407	0	0	1	0
ENSG00000176485	0	0	1	0
ENSG00000176532	0	0	0	1
ENSG00000176597	1	1	1	1
ENSG00000176678	1	0	0	0
ENSG00000176715	0	1	0	1
ENSG00000176731	1	1	1	1
ENSG00000176853	0	1	1	1
ENSG00000176903	1	1	1	0
ENSG00000176974	0	1	1	0
ENSG00000176986	1	1	0	1
ENSG00000176994	0	1	0	0
ENSG00000177000	0	1	0	0
ENSG00000177058	0	1	0	0
ENSG00000177119	0	1	0	0
ENSG00000177150	0	1	1	1
ENSG00000177189	0	1	0	0
ENSG00000177192	0	1	1	1
ENSG00000177283	1	1	0	0
ENSG00000177302	0	1	1	0
ENSG00000177303	0	1	1	1
ENSG00000177311	0	1	0	0
ENSG00000177352	0	1	0	0
ENSG00000177409	1	0	0	0
ENSG00000177463	0	1	1	0
ENSG00000177469	0	1	1	0
ENSG00000177479	1	1	1	1
ENSG00000177485	1	1	0	0
ENSG00000177508	0	1	0	1
ENSG00000177542	0	1	0	0
ENSG00000177565	1	1	1	0
ENSG00000177576	0	0	0	1
ENSG00000177600	0	1	1	1
ENSG00000177606	0	1	1	0
ENSG00000177697	1	1	0	1
ENSG00000177721	0	1	0	0
ENSG00000177732	1	1	1	0
ENSG00000177733	0	1	0	0
ENSG00000177830	1	1	1	0
ENSG00000177853	0	0	1	0
ENSG00000177854	1	0	0	1
ENSG00000177868	0	1	0	0
ENSG00000177873	0	0	0	1
ENSG00000177879	0	1	0	0
ENSG00000177885	1	1	1	1
ENSG00000177889	0	1	0	1
ENSG00000177946	1	1	0	1
ENSG00000177963	0	1	1	0
ENSG00000177981	0	1	0	0
ENSG00000177990	0	1	0	0
ENSG00000178028	0	1	0	0
ENSG00000178057	0	1	1	0
ENSG00000178096	0	1	0	1
ENSG00000178163	0	1	0	0
ENSG00000178188	0	1	0	0
ENSG00000178229	0	1	0	0
ENSG00000178295	0	1	0	1
ENSG00000178381	1	1	1	1
ENSG00000178401	1	1	1	0
ENSG00000178449	1	0	1	0
ENSG00000178467	0	1	0	0
ENSG00000178498	0	1	1	0
ENSG00000178531	0	1	0	0
ENSG00000178568	0	1	0	0
ENSG00000178573	0	1	1	0
ENSG00000178585	0	1	0	0
ENSG00000178662	1	1	0	0
ENSG00000178665	0	1	0	0
ENSG00000178694	0	1	0	0
ENSG00000178700	0	1	0	0
ENSG00000178719	0	1	0	0
ENSG00000178726	0	0	0	1
ENSG00000178764	0	1	1	0
ENSG00000178882	0	1	1	0
ENSG00000178904	0	1	0	0
ENSG00000178913	1	1	0	1
ENSG00000178921	0	1	0	0
ENSG00000178927	0	1	0	0
ENSG00000178966	0	1	0	1
ENSG00000178974	0	1	0	0
ENSG00000178982	0	0	0	1
ENSG00000178988	0	1	1	1
ENSG00000178999	0	1	0	0
ENSG00000179010	0	0	1	0
ENSG00000179021	0	1	0	0
ENSG00000179051	0	0	0	1
ENSG00000179104	0	1	0	0
ENSG00000179134	1	1	1	1
ENSG00000179151	0	1	1	1
ENSG00000179152	0	1	0	0
ENSG00000179178	0	0	0	1
ENSG00000179195	1	1	1	1
ENSG00000179295	0	1	0	1
ENSG00000179299	0	0	0	1
ENSG00000179431	1	1	0	0
ENSG00000179476	0	1	0	0
ENSG00000179546	0	1	0	0
ENSG00000179588	0	1	0	0
ENSG00000179604	0	1	0	1
ENSG00000179632	1	1	1	0
ENSG00000179674	0	1	0	1
ENSG00000179820	1	0	0	1
ENSG00000179832	0	0	0	1
ENSG00000179833	1	1	1	1
ENSG00000179918	0	1	1	0
ENSG00000179933	0	1	0	0
ENSG00000179981	0	1	0	0
ENSG00000180008	1	1	1	1
ENSG00000180185	0	1	0	0
ENSG00000180233	0	1	1	1
ENSG00000180257	0	1	0	0
ENSG00000180304	0	1	0	0
ENSG00000180340	0	1	0	0
ENSG00000180346	0	1	1	0
ENSG00000180370	0	0	1	0
ENSG00000180425	0	1	0	0
ENSG00000180440	0	1	0	0
ENSG00000180447	0	1	0	0
ENSG00000180530	0	1	0	0
ENSG00000180537	1	0	0	0
ENSG00000180592	0	1	0	0
ENSG00000180626	0	1	0	0
ENSG00000180628	1	1	1	1
ENSG00000180801	1	1	1	0
ENSG00000180818	0	1	0	0
ENSG00000180891	0	1	0	0
ENSG00000180914	1	0	0	0
ENSG00000180917	0	0	0	1
ENSG00000180953	0	1	1	0
ENSG00000180964	1	1	0	1
ENSG00000181026	0	1	0	0
ENSG00000181027	0	1	0	0
ENSG00000181029	0	1	0	0
ENSG00000181038	1	1	1	1
ENSG00000181045	0	1	0	1
ENSG00000181163	1	0	0	1
ENSG00000181191	0	1	0	0
ENSG00000181222	0	1	1	0
ENSG00000181284	0	1	0	0
ENSG00000181291	0	1	0	0
ENSG00000181315	0	1	0	0
ENSG00000181458	1	1	0	0
ENSG00000181467	0	1	1	0
ENSG00000181544	0	1	0	0
ENSG00000181638	0	1	0	0
ENSG00000181666	0	1	0	0
ENSG00000181690	0	1	0	0
ENSG00000181704	0	1	0	0
ENSG00000181744	0	0	0	1
ENSG00000181751	0	1	0	1
ENSG00000181827	0	1	0	0
ENSG00000181830	1	1	1	0
ENSG00000181852	0	1	0	1
ENSG00000181894	0	1	0	0
ENSG00000181904	0	0	0	1
ENSG00000181924	0	1	0	0
ENSG00000182022	1	0	0	0
ENSG00000182108	0	1	1	0
ENSG00000182158	1	1	1	1
ENSG00000182180	1	0	1	0
ENSG00000182197	1	1	1	1
ENSG00000182224	0	1	0	1
ENSG00000182359	0	1	0	0
ENSG00000182362	0	1	0	0
ENSG00000182400	0	0	1	1
ENSG00000182512	0	1	0	0
ENSG00000182568	0	1	0	0
ENSG00000182621	0	1	1	0
ENSG00000182670	1	1	0	0
ENSG00000182712	0	1	0	0
ENSG00000182831	0	0	1	0
ENSG00000182858	0	0	1	0
ENSG00000182872	0	1	0	1
ENSG00000182899	1	1	1	1
ENSG00000182919	0	0	0	1
ENSG00000182957	0	0	0	1
ENSG00000182973	0	1	0	0
ENSG00000183032	0	1	0	0
ENSG00000183087	0	1	0	0
ENSG00000183098	0	1	1	0
ENSG00000183137	0	1	0	0
ENSG00000183150	0	1	0	0
ENSG00000183207	0	1	0	0
ENSG00000183208	0	1	0	1
ENSG00000183255	0	1	0	1
ENSG00000183291	0	1	0	0
ENSG00000183431	0	1	0	0
ENSG00000183475	0	1	0	0
ENSG00000183479	1	1	1	0
ENSG00000183486	0	0	1	0
ENSG00000183496	0	1	0	0
ENSG00000183530	0	1	0	1
ENSG00000183579	0	1	0	0
ENSG00000183621	0	1	0	0
ENSG00000183624	0	0	0	1
ENSG00000183647	0	1	0	0
ENSG00000183691	0	1	0	0
ENSG00000183696	0	0	1	1
ENSG00000183722	1	1	0	0
ENSG00000183726	0	0	0	1
ENSG00000183735	0	1	0	1
ENSG00000183751	0	1	0	1
ENSG00000183765	0	1	0	0
ENSG00000183808	0	1	0	0
ENSG00000183826	0	1	0	0
ENSG00000183943	0	0	1	0
ENSG00000183963	0	1	0	0
ENSG00000184007	0	1	1	0
ENSG00000184009	0	1	0	0
ENSG00000184056	0	1	0	0
ENSG00000184154	0	0	0	1
ENSG00000184162	1	1	0	0
ENSG00000184185	0	1	0	0
ENSG00000184203	0	1	1	1
ENSG00000184226	0	1	0	0
ENSG00000184232	0	1	0	0
ENSG00000184281	1	1	0	1
ENSG00000184307	0	1	0	0
ENSG00000184378	0	1	0	0
ENSG00000184384	0	1	0	1
ENSG00000184432	0	1	0	0
ENSG00000184465	0	1	0	0
ENSG00000184481	0	1	0	0
ENSG00000184500	0	1	0	0
ENSG00000184517	0	1	0	0
ENSG00000184564	0	0	0	1
ENSG00000184575	1	1	0	1
ENSG00000184584	0	1	0	0
ENSG00000184661	0	1	0	0
ENSG00000184677	0	1	0	0
ENSG00000184867	0	1	0	0
ENSG00000184903	0	1	0	0
ENSG00000184979	0	0	0	1
ENSG00000185000	0	1	0	1
ENSG00000185009	0	1	0	0
ENSG00000185022	1	0	0	1
ENSG00000185024	0	0	0	1
ENSG00000185088	0	1	0	0
ENSG00000185090	0	0	1	0
ENSG00000185104	0	0	0	1
ENSG00000185122	0	1	1	1
ENSG00000185127	0	0	1	0
ENSG00000185215	1	0	1	1
ENSG00000185219	0	1	0	0
ENSG00000185222	1	1	1	1
ENSG00000185246	0	1	0	1
ENSG00000185278	0	1	0	0
ENSG00000185332	0	0	0	1
ENSG00000185344	0	1	0	0
ENSG00000185432	0	1	0	0
ENSG00000185477	0	0	0	1
ENSG00000185483	0	1	0	0
ENSG00000185519	0	1	0	0
ENSG00000185551	0	1	0	0
ENSG00000185608	0	1	0	0
ENSG00000185619	1	0	1	1
ENSG00000185624	0	1	0	0
ENSG00000185630	0	1	0	0
ENSG00000185684	0	1	0	0
ENSG00000185697	0	1	0	0
ENSG00000185728	1	1	0	0
ENSG00000185798	0	1	0	0
ENSG00000185803	1	1	1	1
ENSG00000185825	1	1	0	1
ENSG00000185875	0	1	0	0
ENSG00000185900	1	1	1	1
ENSG00000185909	0	0	1	0
ENSG00000185917	0	1	0	0
ENSG00000185950	0	1	0	0
ENSG00000185973	0	1	0	0
ENSG00000186020	0	1	0	0
ENSG00000186106	0	1	0	1
ENSG00000186141	0	1	0	1
ENSG00000186153	0	1	0	0
ENSG00000186184	0	1	1	1
ENSG00000186187	0	1	1	0
ENSG00000186260	0	1	0	0
ENSG00000186298	1	1	0	1
ENSG00000186326	0	1	0	0
ENSG00000186376	0	1	0	1
ENSG00000186416	0	1	1	0
ENSG00000186432	0	1	0	0
ENSG00000186470	0	1	0	0
ENSG00000186480	0	1	0	0
ENSG00000186575	0	1	1	1
ENSG00000186625	0	0	0	1
ENSG00000186635	0	1	0	0
ENSG00000186687	0	1	0	0
ENSG00000186716	0	1	0	0
ENSG00000186767	1	0	0	0
ENSG00000186792	0	1	0	0
ENSG00000186812	0	1	0	0
ENSG00000186814	0	1	0	1
ENSG00000186834	1	1	1	1
ENSG00000186867	0	1	0	0
ENSG00000186918	0	1	0	0
ENSG00000187097	0	0	1	1
ENSG00000187109	1	1	1	1
ENSG00000187147	0	1	1	0
ENSG00000187164	0	1	0	0
ENSG00000187210	0	1	0	0
ENSG00000187446	0	0	0	1
ENSG00000187514	0	1	0	0
ENSG00000187522	0	1	0	0
ENSG00000187535	0	1	0	0
ENSG00000187608	0	1	0	0
ENSG00000187626	0	1	0	0
ENSG00000187678	0	1	0	0
ENSG00000187699	0	1	0	0
ENSG00000187735	0	1	0	1
ENSG00000187764	0	1	0	0
ENSG00000187778	1	1	1	0
ENSG00000187815	0	1	0	0
ENSG00000187954	0	1	0	0
ENSG00000188010	0	1	1	1
ENSG00000188021	0	0	0	1
ENSG00000188042	0	1	0	0
ENSG00000188153	0	0	0	1
ENSG00000188158	0	0	0	1
ENSG00000188215	1	1	0	0
ENSG00000188227	0	1	0	0
ENSG00000188283	0	1	0	0
ENSG00000188313	1	1	0	1
ENSG00000188488	0	0	1	0
ENSG00000188517	0	1	0	0
ENSG00000188542	0	1	0	0
ENSG00000188554	0	1	0	0
ENSG00000188603	0	1	1	0
ENSG00000188636	0	0	0	1
ENSG00000188643	0	0	0	1
ENSG00000188690	0	1	1	1
ENSG00000188706	1	1	1	1
ENSG00000188725	1	1	0	1
ENSG00000188785	0	1	0	0
ENSG00000188827	0	1	0	0
ENSG00000188910	0	0	0	1
ENSG00000188917	1	1	1	1
ENSG00000188938	0	1	0	0
ENSG00000189042	0	1	0	1
ENSG00000189043	1	0	1	0
ENSG00000189046	0	1	1	0
ENSG00000189057	0	1	0	1
ENSG00000189060	1	0	0	0
ENSG00000189091	1	1	1	1
ENSG00000189143	1	0	0	1
ENSG00000189159	0	1	0	1
ENSG00000189171	1	1	0	0
ENSG00000189190	1	0	0	0
ENSG00000189266	1	1	0	1
ENSG00000189283	0	1	0	0
ENSG00000189308	0	1	0	0
ENSG00000189319	0	1	0	0
ENSG00000189334	0	0	0	1
ENSG00000189339	0	1	0	0
ENSG00000189403	1	1	1	0
ENSG00000196083	0	0	1	0
ENSG00000196110	1	0	0	0
ENSG00000196118	0	1	0	0
ENSG00000196123	0	1	0	0
ENSG00000196152	0	1	0	1
ENSG00000196154	1	0	0	0
ENSG00000196155	0	1	0	1
ENSG00000196187	0	1	1	1
ENSG00000196233	0	1	1	1
ENSG00000196235	0	1	0	1
ENSG00000196267	0	1	0	0
ENSG00000196290	0	0	0	1
ENSG00000196305	1	1	0	1
ENSG00000196313	0	1	1	1
ENSG00000196323	0	1	0	0
ENSG00000196363	0	1	0	0
ENSG00000196367	0	0	0	1
ENSG00000196376	0	1	0	0
ENSG00000196387	0	1	0	1
ENSG00000196405	0	0	1	0
ENSG00000196411	0	0	0	1
ENSG00000196419	0	1	1	0
ENSG00000196422	0	1	0	0
ENSG00000196428	0	1	0	1
ENSG00000196437	0	1	0	0
ENSG00000196440	0	1	0	0
ENSG00000196455	0	0	0	1
ENSG00000196456	0	1	0	0
ENSG00000196458	0	1	0	0
ENSG00000196465	0	1	0	0
ENSG00000196470	0	1	0	1
ENSG00000196504	0	1	0	0
ENSG00000196505	0	1	0	0
ENSG00000196507	0	1	0	1
ENSG00000196526	0	1	0	0
ENSG00000196531	1	0	1	1
ENSG00000196562	1	0	0	0
ENSG00000196576	0	1	1	1
ENSG00000196586	0	1	0	0
ENSG00000196588	1	1	1	0
ENSG00000196642	0	0	0	1
ENSG00000196652	0	1	1	0
ENSG00000196705	0	1	0	1
ENSG00000196712	1	1	1	0
ENSG00000196730	0	1	0	0
ENSG00000196739	0	1	0	0
ENSG00000196781	0	0	1	0
ENSG00000196793	0	1	0	0
ENSG00000196850	1	1	1	1
ENSG00000196911	0	1	0	0
ENSG00000196914	0	1	0	0
ENSG00000196935	0	1	0	1
ENSG00000196937	0	0	0	1
ENSG00000196950	0	1	0	0
ENSG00000196967	0	1	0	0
ENSG00000196975	0	1	1	0
ENSG00000196981	1	0	0	1
ENSG00000196998	0	1	0	0
ENSG00000197008	0	1	0	0
ENSG00000197013	0	1	0	0
ENSG00000197019	0	1	0	0
ENSG00000197021	1	1	1	1
ENSG00000197024	0	1	0	0
ENSG00000197037	0	1	0	0
ENSG00000197050	0	1	0	1
ENSG00000197056	0	1	0	0
ENSG00000197063	0	1	0	0
ENSG00000197077	0	1	0	0
ENSG00000197111	0	0	0	1
ENSG00000197122	1	0	0	0
ENSG00000197128	0	1	0	0
ENSG00000197136	0	1	0	0
ENSG00000197147	1	1	0	0
ENSG00000197256	0	1	0	0
ENSG00000197275	0	0	0	1
ENSG00000197321	0	1	0	0
ENSG00000197324	1	1	1	0
ENSG00000197343	0	1	0	0
ENSG00000197372	0	1	0	0
ENSG00000197381	0	0	0	1
ENSG00000197385	1	0	0	0
ENSG00000197386	0	1	0	0
ENSG00000197415	1	0	0	0
ENSG00000197442	0	0	0	1
ENSG00000197451	0	1	1	0
ENSG00000197461	0	0	1	0
ENSG00000197520	0	0	0	1
ENSG00000197535	0	1	0	0
ENSG00000197548	0	1	0	0
ENSG00000197555	1	1	1	0
ENSG00000197563	1	1	1	1
ENSG00000197620	1	1	1	1
ENSG00000197622	1	1	1	1
ENSG00000197635	0	0	1	0
ENSG00000197728	0	1	0	0
ENSG00000197747	0	1	0	0
ENSG00000197757	0	1	0	0
ENSG00000197771	0	1	0	0
ENSG00000197779	0	1	0	0
ENSG00000197782	0	1	0	0
ENSG00000197798	0	1	0	0
ENSG00000197808	0	1	0	0
ENSG00000197841	0	1	0	0
ENSG00000197863	0	1	0	0
ENSG00000197885	0	1	0	0
ENSG00000197905	0	1	0	0
ENSG00000197930	1	1	1	1
ENSG00000197951	0	1	0	0
ENSG00000197956	1	0	0	1
ENSG00000197961	0	1	0	1
ENSG00000197971	0	0	0	1
ENSG00000197982	0	1	1	0
ENSG00000198015	1	1	0	0
ENSG00000198018	0	1	0	1
ENSG00000198040	0	1	0	0
ENSG00000198042	0	1	0	0
ENSG00000198060	0	1	0	1
ENSG00000198081	0	1	0	1
ENSG00000198087	0	1	1	1
ENSG00000198089	0	1	0	0
ENSG00000198105	1	1	0	1
ENSG00000198113	0	0	0	1
ENSG00000198121	1	0	0	0
ENSG00000198131	1	0	1	1
ENSG00000198146	1	1	1	1
ENSG00000198157	0	1	0	0
ENSG00000198162	0	1	0	0
ENSG00000198185	0	1	0	0
ENSG00000198208	0	1	0	0
ENSG00000198218	1	1	0	1
ENSG00000198231	0	1	0	0
ENSG00000198252	1	1	0	0
ENSG00000198258	1	0	0	1
ENSG00000198286	0	0	0	1
ENSG00000198315	0	1	0	0
ENSG00000198324	0	0	1	0
ENSG00000198331	0	1	0	1
ENSG00000198353	0	1	0	0
ENSG00000198373	0	0	0	1
ENSG00000198393	0	1	0	0
ENSG00000198399	0	1	0	0
ENSG00000198420	1	1	0	1
ENSG00000198453	0	1	0	0
ENSG00000198467	0	1	0	0
ENSG00000198488	0	0	0	1
ENSG00000198492	0	1	1	1
ENSG00000198515	0	1	0	0
ENSG00000198551	0	1	0	0
ENSG00000198561	0	0	1	0
ENSG00000198586	0	1	1	0
ENSG00000198589	1	0	0	0
ENSG00000198612	0	1	0	0
ENSG00000198642	0	1	0	1
ENSG00000198646	1	1	1	1
ENSG00000198668	0	0	1	1
ENSG00000198677	0	1	0	0
ENSG00000198707	0	1	1	0
ENSG00000198720	0	1	0	0
ENSG00000198722	0	1	1	0
ENSG00000198728	0	1	1	0
ENSG00000198730	0	1	0	0
ENSG00000198740	0	1	0	0
ENSG00000198742	0	0	0	1
ENSG00000198743	1	1	1	0
ENSG00000198752	0	1	1	0
ENSG00000198774	0	0	0	1
ENSG00000198780	0	1	0	0
ENSG00000198791	0	1	1	1
ENSG00000198795	0	1	0	0
ENSG00000198807	0	1	0	1
ENSG00000198815	0	1	0	0
ENSG00000198818	0	1	0	0
ENSG00000198824	0	1	0	0
ENSG00000198836	0	1	0	1
ENSG00000198855	0	0	0	1
ENSG00000198874	0	0	1	0
ENSG00000198887	0	0	0	1
ENSG00000198894	0	1	0	0
ENSG00000198908	0	1	0	0
ENSG00000198909	0	1	0	0
ENSG00000198919	0	1	1	0
ENSG00000198920	0	0	0	1
ENSG00000198924	0	1	1	1
ENSG00000198925	0	0	1	1
ENSG00000198945	0	1	0	0
ENSG00000198951	1	0	0	1
ENSG00000198952	0	1	1	0
ENSG00000198960	1	1	0	0
ENSG00000198961	1	1	0	1
ENSG00000198964	1	1	1	0
ENSG00000203760	0	1	1	0
ENSG00000203778	0	1	0	0
ENSG00000203879	0	1	0	0
ENSG00000204070	0	1	1	0
ENSG00000204104	0	1	0	0
ENSG00000204120	0	1	0	0
ENSG00000204183	0	0	1	0
ENSG00000204186	0	1	0	0
ENSG00000204217	0	1	0	0
ENSG00000204262	0	0	1	0
ENSG00000204271	0	1	0	0
ENSG00000204272	1	0	0	0
ENSG00000204314	0	1	0	0
ENSG00000204387	0	1	0	0
ENSG00000204406	0	1	0	0
ENSG00000204463	0	1	0	1
ENSG00000204514	0	0	0	1
ENSG00000204611	0	1	0	0
ENSG00000204673	1	1	1	1
ENSG00000204682	0	1	0	0
ENSG00000204767	1	0	0	0
ENSG00000204856	0	1	0	1
ENSG00000204899	0	1	0	0
ENSG00000204920	0	1	0	0
ENSG00000204954	0	1	0	0
ENSG00000204977	0	1	0	0
ENSG00000205060	0	1	1	0
ENSG00000205133	1	1	0	1
ENSG00000205155	1	1	0	1
ENSG00000205189	0	1	0	0
ENSG00000205213	0	1	0	0
ENSG00000205339	1	1	1	1
ENSG00000205356	0	0	0	1
ENSG00000205413	0	0	0	1
ENSG00000205542	1	0	0	0
ENSG00000205726	0	1	1	1
ENSG00000205903	1	0	0	0
ENSG00000205937	0	1	0	0
ENSG00000205981	1	0	1	1
ENSG00000206432	1	1	0	0
ENSG00000206535	0	1	0	0
ENSG00000206538	0	1	1	1
ENSG00000206562	0	1	0	0
ENSG00000211450	0	0	1	0
ENSG00000211584	0	1	0	0
ENSG00000212719	0	1	0	0
ENSG00000213024	1	1	0	1
ENSG00000213096	0	1	1	0
ENSG00000213160	0	1	0	0
ENSG00000213185	0	1	1	1
ENSG00000213190	1	1	0	0
ENSG00000213281	1	1	1	1
ENSG00000213462	0	1	0	0
ENSG00000213463	0	0	0	1
ENSG00000213516	0	1	1	0
ENSG00000213585	0	1	0	0
ENSG00000213626	0	1	0	0
ENSG00000213638	0	1	0	0
ENSG00000213694	0	1	0	1
ENSG00000213799	0	1	0	0
ENSG00000213853	0	1	0	0
ENSG00000213918	0	1	0	0
ENSG00000213923	0	1	0	0
ENSG00000214013	0	1	0	0
ENSG00000214063	1	0	0	0
ENSG00000214078	1	1	1	1
ENSG00000214160	0	1	0	0
ENSG00000214194	0	1	0	0
ENSG00000214226	0	1	0	0
ENSG00000214253	0	1	0	0
ENSG00000214274	1	0	0	0
ENSG00000214309	0	1	0	0
ENSG00000214338	0	1	0	0
ENSG00000214367	1	1	1	1
ENSG00000214413	0	1	0	1
ENSG00000214530	0	1	0	1
ENSG00000214827	0	1	0	0
ENSG00000214944	0	0	0	1
ENSG00000215012	0	0	0	1
ENSG00000215021	0	1	0	1
ENSG00000215183	1	0	0	0
ENSG00000215193	0	1	0	0
ENSG00000215301	0	1	0	1
ENSG00000219481	1	1	1	0
ENSG00000221818	0	1	0	0
ENSG00000221829	0	0	0	1
ENSG00000221869	0	1	0	0
ENSG00000221886	0	1	0	0
ENSG00000221909	0	1	1	1
ENSG00000221914	0	1	0	0
ENSG00000221926	0	1	0	0
ENSG00000221944	0	1	0	0
ENSG00000221983	0	1	1	0
ENSG00000221995	0	1	1	0
ENSG00000224051	0	1	1	0
ENSG00000224470	0	1	1	0
ENSG00000224531	0	1	0	0
ENSG00000226479	0	1	0	1
ENSG00000226763	1	1	1	0
ENSG00000227345	0	1	0	0
ENSG00000227500	0	1	0	1
ENSG00000228623	0	1	0	0
ENSG00000228716	0	1	0	1
ENSG00000229117	0	1	0	1
ENSG00000230124	0	0	1	1
ENSG00000233822	0	1	0	0
ENSG00000234444	0	1	0	0
ENSG00000234857	1	1	0	0
ENSG00000235106	0	1	0	0
ENSG00000235109	1	0	0	0
ENSG00000235750	1	1	0	0
ENSG00000236287	1	1	0	1
ENSG00000236609	0	1	0	0
ENSG00000237330	0	0	0	1
ENSG00000237765	0	1	1	1
ENSG00000238227	0	1	1	0
ENSG00000239305	0	0	1	1
ENSG00000239672	1	1	1	1
ENSG00000239704	0	1	0	0
ENSG00000239779	0	1	1	1
ENSG00000239789	1	0	0	0
ENSG00000239887	0	1	0	0
ENSG00000240184	0	1	0	0
ENSG00000240303	0	1	0	0
ENSG00000240694	0	1	0	0
ENSG00000241553	1	1	1	0
ENSG00000241685	0	1	0	0
ENSG00000241697	0	1	0	0
ENSG00000241962	0	1	0	0
ENSG00000242259	0	1	0	0
ENSG00000242265	0	1	1	0
ENSG00000243156	0	1	0	0
ENSG00000243477	0	1	0	0
ENSG00000243509	1	0	0	0
ENSG00000243667	0	1	1	0
ENSG00000243678	0	1	0	0
ENSG00000244462	0	1	1	1
ENSG00000244509	0	1	0	0
ENSG00000244687	0	1	0	0
ENSG00000245680	0	1	0	0
ENSG00000246705	0	1	0	0
ENSG00000248405	0	1	0	0
ENSG00000249773	0	1	0	0
ENSG00000249992	1	0	0	0
ENSG00000250305	0	1	0	0
ENSG00000250510	0	1	0	0
ENSG00000250709	0	1	0	0
ENSG00000251201	1	1	0	0
ENSG00000251247	0	1	0	0
ENSG00000251369	0	0	0	1
ENSG00000253251	0	1	0	0
ENSG00000253293	0	1	0	0
ENSG00000253797	1	1	1	0
ENSG00000254004	0	1	0	0
ENSG00000254087	0	0	0	1
ENSG00000254470	0	1	0	0
ENSG00000254995	0	1	0	0
ENSG00000255154	1	1	1	0
ENSG00000255302	0	1	0	1
ENSG00000255330	0	1	0	0
ENSG00000255439	1	1	0	0
ENSG00000255835	0	1	1	0
ENSG00000256060	0	1	0	0
ENSG00000256087	0	1	0	0
ENSG00000256235	0	1	0	0
ENSG00000256294	0	1	0	0
ENSG00000256407	0	1	0	0
ENSG00000256566	0	1	0	0
ENSG00000256632	0	1	0	0
ENSG00000257184	0	1	0	0
ENSG00000257315	1	1	1	1
ENSG00000257365	0	1	0	0
ENSG00000257727	1	1	1	1
ENSG00000257949	1	1	1	1
ENSG00000258366	1	1	0	0
ENSG00000258465	0	1	1	1
ENSG00000258643	0	1	0	0
ENSG00000258644	0	0	0	1
ENSG00000258790	0	0	0	1
ENSG00000258818	1	1	0	0
ENSG00000258890	0	1	0	0
ENSG00000258984	0	1	0	1
ENSG00000259024	0	1	0	0
ENSG00000259171	1	0	0	0
ENSG00000259288	1	1	1	0
ENSG00000259332	1	1	0	0
ENSG00000259431	0	1	0	1
ENSG00000260170	0	1	0	0
ENSG00000261408	1	1	1	1
ENSG00000261832	0	1	1	0
ENSG00000262814	0	0	1	0
ENSG00000263001	0	1	0	1
ENSG00000263528	0	0	1	0
ENSG00000264187	0	1	1	1
ENSG00000264364	1	1	0	0
ENSG00000264522	0	1	0	1
ENSG00000264668	0	1	0	0
ENSG00000265491	0	0	0	1
ENSG00000265681	1	1	1	1
ENSG00000265972	1	0	0	1
ENSG00000266074	0	1	0	0
ENSG00000266173	0	1	0	0
ENSG00000266412	0	1	0	1
ENSG00000266472	1	1	1	1
ENSG00000267001	0	1	0	0
ENSG00000267041	0	1	0	0
ENSG00000267360	0	1	0	0
ENSG00000267680	0	1	0	0
ENSG00000268173	0	0	0	1
ENSG00000268750	1	1	0	0
ENSG00000269028	1	0	0	0
ENSG00000269307	0	1	0	0
ENSG00000269343	1	1	0	0
ENSG00000269533	0	1	0	0
ENSG00000269556	0	1	0	0
ENSG00000269713	0	1	0	0
ENSG00000269743	0	1	0	1
ENSG00000269858	0	1	1	1
ENSG00000269881	0	0	0	1
ENSG00000270024	0	1	0	0
ENSG00000270106	0	1	0	1
ENSG00000270885	0	1	0	0
ENSG00000271741	0	1	0	0
ENSG00000272162	0	0	0	1
ENSG00000272325	0	1	1	1
ENSG00000272391	0	1	0	0
ENSG00000272772	0	0	1	0
ENSG00000272822	1	0	0	1
ENSG00000272916	1	1	0	0
ENSG00000273045	0	1	0	0
ENSG00000273820	0	1	0	0
ENSG00000273841	0	1	1	1
ENSG00000274750	1	1	0	0
ENSG00000275052	0	1	1	0
ENSG00000275342	0	0	1	0
ENSG00000275740	0	0	0	1
ENSG00000276045	0	1	0	0
ENSG00000276547	1	1	0	0
ENSG00000276644	0	1	0	0
ENSG00000277443	0	1	1	1
ENSG00000277462	0	1	0	0
ENSG00000278259	0	1	0	0
ENSG00000278318	0	1	0	0
ENSG00000280789	0	0	0	1
ENSG00000280987	0	1	0	0
ENSG00000281039	1	1	1	1
ENSG00000283201	0	1	0	0
ENSG00000283374	0	1	0	0
ENSG00000283515	1	0	1	1
