codon	dataset	value
AAG	SRX026871	1072
ACG	SRX026871	692
AGG	SRX026871	1788
AUA	SRX026871	250
AUC	SRX026871	507
AUG	SRX026871	484
AUU	SRX026871	511
CUG	SRX026871	1912
GUG	SRX026871	1478
UUG	SRX026871	883
AAG	SRX1149649	1736
ACG	SRX1149649	898
AGG	SRX1149649	2647
AUA	SRX1149649	374
AUC	SRX1149649	844
AUG	SRX1149649	1034
AUU	SRX1149649	844
CUG	SRX1149649	2968
GUG	SRX1149649	2075
UUG	SRX1149649	1232
AAG	SRX1900396	444
ACG	SRX1900396	236
AGG	SRX1900396	698
AUA	SRX1900396	106
AUC	SRX1900396	204
AUG	SRX1900396	208
AUU	SRX1900396	186
CUG	SRX1900396	704
GUG	SRX1900396	570
UUG	SRX1900396	316
AAG	SRX2255510	1249
ACG	SRX2255510	718
AGG	SRX2255510	1951
AUA	SRX2255510	290
AUC	SRX2255510	544
AUG	SRX2255510	617
AUU	SRX2255510	479
CUG	SRX2255510	2101
GUG	SRX2255510	1636
UUG	SRX2255510	966
AAG	SRX3110803	709
ACG	SRX3110803	413
AGG	SRX3110803	1164
AUA	SRX3110803	151
AUC	SRX3110803	333
AUG	SRX3110803	377
AUU	SRX3110803	321
CUG	SRX3110803	1258
GUG	SRX3110803	968
UUG	SRX3110803	542
